0.000000000,0
0.010666667,0
0.021333333,0
0.032000000,0
0.042666667,0
0.053333333,0
0.064000000,0
0.074666667,0
0.085333333,0
0.096000000,0
0.106666667,0
0.117333333,0
0.128000000,0
0.138666667,0
0.149333333,0
0.160000000,0
0.170666667,0
0.181333333,0
0.192000000,0
0.202666667,0
0.213333333,0
0.224000000,0
0.234666667,0
0.245333333,0
0.256000000,0
0.266666667,0
0.277333333,0
0.288000000,0
0.298666667,0
0.309333333,0
0.320000000,0
0.330666667,0
0.341333333,0
0.352000000,0
0.362666667,0
0.373333333,0
0.384000000,0
0.394666667,0
0.405333333,0
0.416000000,0
0.426666667,0
0.437333333,0
0.448000000,0
0.458666667,0
0.469333333,0
0.480000000,0
0.490666667,0
0.501333333,0
0.512000000,0
0.522666667,0
0.533333333,0
0.544000000,0
0.554666667,0
0.565333333,0
0.576000000,0
0.586666667,0
0.597333333,0
0.608000000,0
0.618666667,0
0.629333333,0
0.640000000,0
0.650666667,0
0.661333333,0
0.672000000,0
0.682666667,0
0.693333333,0
0.704000000,0
0.714666667,0
0.725333333,0
0.736000000,0
0.746666667,0
0.757333333,0
0.768000000,0
0.778666667,0
0.789333333,0
0.800000000,0
0.810666667,0
0.821333333,0
0.832000000,0
0.842666667,0
0.853333333,0
0.864000000,0
0.874666667,0
0.885333333,0
0.896000000,0
0.906666667,0
0.917333333,0
0.928000000,0
0.938666667,0
0.949333333,0
0.960000000,0
0.970666667,0
0.981333333,0
0.992000000,0.000279141
1.002666667,0.000847398
1.013333333,0.00168425
1.024000000,0.00252552
1.034666667,0.0045967
1.045333333,0.00653945
1.056000000,0.0078724
1.066666667,0.00980698
1.077333333,0.0138352
1.088000000,0.0148086
1.098666667,0.0179384
1.109333333,0.0224048
1.120000000,0.0232567
1.130666667,0.020562
1.141333333,0.0232745
1.152000000,0.0244911
1.162666667,0.0171735
1.173333333,0.0149742
1.184000000,0.0139036
1.194666667,0.016042
1.205333333,0.0191624
1.216000000,0.0176576
1.226666667,0.0152156
1.237333333,0.015894
1.248000000,0.0205182
1.258666667,0.0202943
1.269333333,0.0170141
1.280000000,0.0191805
1.290666667,0.0211277
1.301333333,0.016335
1.312000000,0.0267008
1.322666667,0.0274271
1.333333333,0.0152239
1.344000000,0.0150897
1.354666667,0.0162914
1.365333333,0.0168778
1.376000000,0.0133252
1.386666667,0.0120681
1.397333333,0.0155826
1.408000000,0.0257184
1.418666667,0.0316756
1.429333333,0.0280361
1.440000000,0.017995
1.450666667,0.00902687
1.461333333,0.0137547
1.472000000,0.0180753
1.482666667,0.0181491
1.493333333,0.0168835
1.504000000,0.0142585
1.514666667,0.0123303
1.525333333,0.0168605
1.536000000,0.0183425
1.546666667,0.0133063
1.557333333,0.0126948
1.568000000,0.0119402
1.578666667,0.0096944
1.589333333,0.0151256
1.600000000,0.0138642
1.610666667,0.0103758
1.621333333,0.0225625
1.632000000,0.0261263
1.642666667,0.0236139
1.653333333,0.0218261
1.664000000,0.0156539
1.674666667,0.0103948
1.685333333,0.0124089
1.696000000,0.0147371
1.706666667,0.0117863
1.717333333,0.00956964
1.728000000,0.010277
1.738666667,0.0097174
1.749333333,0.00673159
1.760000000,0.00618455
1.770666667,0.00807434
1.781333333,0.00952477
1.792000000,0.00893958
1.802666667,0.00760637
1.813333333,0.0089439
1.824000000,0.0091084
1.834666667,0.0111424
1.845333333,0.0106305
1.856000000,0.0111854
1.866666667,0.0175154
1.877333333,0.0179758
1.888000000,0.0123741
1.898666667,0.00807607
1.909333333,0.007277
1.920000000,0.00731044
1.930666667,0.0092501
1.941333333,0.0126788
1.952000000,0.0126419
1.962666667,0.00882072
1.973333333,0.0068819
1.984000000,0.00768674
1.994666667,0.012154
2.005333333,0.012666
2.016000000,0.00909986
2.026666667,0.00789012
2.037333333,0.0113476
2.048000000,0.0130077
2.058666667,0.0108029
2.069333333,0.00834567
2.080000000,0.00622708
2.090666667,0.00810751
2.101333333,0.00841301
2.112000000,0.00780681
2.122666667,0.00711852
2.133333333,0.00770235
2.144000000,0.00964393
2.154666667,0.00873592
2.165333333,0.0076079
2.176000000,0.00778148
2.186666667,0.00746535
2.197333333,0.00695201
2.208000000,0.00587061
2.218666667,0.00735894
2.229333333,0.00838037
2.240000000,0.00655777
2.250666667,0.00534575
2.261333333,0.00549023
2.272000000,0.00684904
2.282666667,0.00612972
2.293333333,0.00407225
2.304000000,0.00352497
2.314666667,0.0035131
2.325333333,0.00681459
2.336000000,0.00830579
2.346666667,0.00680547
2.357333333,0.00471992
2.368000000,0.00393952
2.378666667,0.00549843
2.389333333,0.00521567
2.400000000,0.00407715
2.410666667,0.00477346
2.421333333,0.00496808
2.432000000,0.00458832
2.442666667,0.0077993
2.453333333,0.00903941
2.464000000,0.00694638
2.474666667,0.00720934
2.485333333,0.00685577
2.496000000,0.00457932
2.506666667,0.00478767
2.517333333,0.00491584
2.528000000,0.0063961
2.538666667,0.00685586
2.549333333,0.0044035
2.560000000,0.00555926
2.570666667,0.00693387
2.581333333,0.0051354
2.592000000,0.00284337
2.602666667,0.00393667
2.613333333,0.00526332
2.624000000,0.00630454
2.634666667,0.00534838
2.645333333,0.00507335
2.656000000,0.00618793
2.666666667,0.00500112
2.677333333,0.00435784
2.688000000,0.00511395
2.698666667,0.00459551
2.709333333,0.00323106
2.720000000,0.00282825
2.730666667,0.00344579
2.741333333,0.00437069
2.752000000,0.00461416
2.762666667,0.0039595
2.773333333,0.00284541
2.784000000,0.00310072
2.794666667,0.00410593
2.805333333,0.00407762
2.816000000,0.00361666
2.826666667,0.00381328
2.837333333,0.00418859
2.848000000,0.00478974
2.858666667,0.00442836
2.869333333,0.00468846
2.880000000,0.00523559
2.890666667,0.0042131
2.901333333,0.00328771
2.912000000,0.00317041
2.922666667,0.00350505
2.933333333,0.00346288
2.944000000,0.00284925
2.954666667,0.00430092
2.965333333,0.00601387
2.976000000,0.0065584
2.986666667,0.00607779
2.997333333,0.00479469
3.008000000,0.00470932
3.018666667,0.00453703
3.029333333,0.00363072
3.040000000,0.00398287
3.050666667,0.00410543
3.061333333,0.0035981
3.072000000,0.00392376
3.082666667,0.00380345
3.093333333,0.00379504
3.104000000,0.0037917
3.114666667,0.00350009
3.125333333,0.00574992
3.136000000,0.007237
3.146666667,0.0060446
3.157333333,0.0038292
3.168000000,0.00325968
3.178666667,0.0029987
3.189333333,0.00506686
3.200000000,0.00554941
3.210666667,0.00434389
3.221333333,0.00377041
3.232000000,0.00289845
3.242666667,0.00315491
3.253333333,0.00374971
3.264000000,0.00391192
3.274666667,0.00392899
3.285333333,0.00317831
3.296000000,0.00201646
3.306666667,0.00212927
3.317333333,0.00230755
3.328000000,0.00229728
3.338666667,0.00233747
3.349333333,0.00230703
3.360000000,0.00244782
3.370666667,0.00261339
3.381333333,0.00290259
3.392000000,0.0031494
3.402666667,0.0027639
3.413333333,0.00248928
3.424000000,0.00201273
3.434666667,0.00291736
3.445333333,0.00305162
3.456000000,0.0020669
3.466666667,0.00292012
3.477333333,0.00276266
3.488000000,0.00227677
3.498666667,0.00282588
3.509333333,0.00279079
3.520000000,0.00257925
3.530666667,0.00307472
3.541333333,0.00317609
3.552000000,0.00280796
3.562666667,0.00277334
3.573333333,0.00248722
3.584000000,0.00222619
3.594666667,0.00254714
3.605333333,0.00221605
3.616000000,0.00194367
3.626666667,0.00273741
3.637333333,0.0025623
3.648000000,0.00198222
3.658666667,0.00253624
3.669333333,0.00253743
3.680000000,0.00235985
3.690666667,0.00238673
3.701333333,0.00194198
3.712000000,0.00223536
3.722666667,0.00245198
3.733333333,0.00192922
3.744000000,0.00204865
3.754666667,0.00243743
3.765333333,0.00231328
3.776000000,0.00203157
3.786666667,0.00233804
3.797333333,0.00259635
3.808000000,0.00218927
3.818666667,0.00204224
3.829333333,0.00193907
3.840000000,0.00174442
3.850666667,0.00159197
3.861333333,0.00146949
3.872000000,0.00178062
3.882666667,0.0018471
3.893333333,0.00143708
3.904000000,0.00144095
3.914666667,0.00161049
3.925333333,0.00141242
3.936000000,0.00170627
3.946666667,0.0021589
3.957333333,0.00189721
3.968000000,0.0014593
3.978666667,0.00158742
3.989333333,0.00139537
4.000000000,0.00116417
4.010666667,0.00119519
4.021333333,0.0012196
4.032000000,0.0014315
4.042666667,0.00135154
4.053333333,0.00122428
4.064000000,0.00145063
4.074666667,0.00143254
4.085333333,0.00129121
4.096000000,0.00148659
4.106666667,0.00175859
4.117333333,0.00165472
4.128000000,0.00133336
4.138666667,0.00138976
4.149333333,0.00126163
4.160000000,0.000949472
4.170666667,0.000943175
4.181333333,0.00104863
4.192000000,0.00114774
4.202666667,0.00113068
4.213333333,0.000941386
4.224000000,0.0010046
4.234666667,0.00141804
4.245333333,0.00155765
4.256000000,0.00162559
4.266666667,0.00173549
4.277333333,0.00226325
4.288000000,0.00345727
4.298666667,0.00336127
4.309333333,0.0019067
4.320000000,0.00119989
4.330666667,0.00145312
4.341333333,0.00146042
4.352000000,0.00124185
4.362666667,0.00122456
4.373333333,0.0010909
4.384000000,0.00181923
4.394666667,0.00275215
4.405333333,0.00243629
4.416000000,0.001565
4.426666667,0.00137129
4.437333333,0.0011124
4.448000000,0.00108532
4.458666667,0.00111063
4.469333333,0.00133553
4.480000000,0.00130366
4.490666667,0.00112074
4.501333333,0.00102459
4.512000000,0.000958156
4.522666667,0.00122441
4.533333333,0.00143097
4.544000000,0.00135224
4.554666667,0.00176839
4.565333333,0.00187867
4.576000000,0.00156294
4.586666667,0.00154426
4.597333333,0.0013249
4.608000000,0.00127718
4.618666667,0.00137072
4.629333333,0.00150982
4.640000000,0.001378
4.650666667,0.00155569
4.661333333,0.00183529
4.672000000,0.00172229
4.682666667,0.00167338
4.693333333,0.00143913
4.704000000,0.00108649
4.714666667,0.00106563
4.725333333,0.00124735
4.736000000,0.00128366
4.746666667,0.00126738
4.757333333,0.00140227
4.768000000,0.00151242
4.778666667,0.00135389
4.789333333,0.00136095
4.800000000,0.00142509
4.810666667,0.00133219
4.821333333,0.00129438
4.832000000,0.00133682
4.842666667,0.00141308
4.853333333,0.00147028
4.864000000,0.00160139
4.874666667,0.00165643
4.885333333,0.0016894
4.896000000,0.00163948
4.906666667,0.00158148
4.917333333,0.00158229
4.928000000,0.00168208
4.938666667,0.0018035
4.949333333,0.00171939
4.960000000,0.00179125
4.970666667,0.00188483
4.981333333,0.00172982
4.992000000,0.00158739
5.002666667,0.00157618
5.013333333,0.00165038
5.024000000,0.00179701
5.034666667,0.00178215
5.045333333,0.00152865
5.056000000,0.00133311
5.066666667,0.00114427
5.077333333,0.00106084
5.088000000,0.00102267
5.098666667,0.00105464
5.109333333,0.00109914
5.120000000,0.0010673
5.130666667,0.00105222
5.141333333,0.00108779
5.152000000,0.00114523
5.162666667,0.00111035
5.173333333,0.00110873
5.184000000,0.00112311
5.194666667,0.00109473
5.205333333,0.0011314
5.216000000,0.00118407
5.226666667,0.00102244
5.237333333,0.000928931
5.248000000,0.000981401
5.258666667,0.000914294
5.269333333,0.000916669
5.280000000,0.000986112
5.290666667,0.000990849
5.301333333,0.00104798
5.312000000,0.00126536
5.322666667,0.0019313
5.333333333,0.00202029
5.344000000,0.0016033
5.354666667,0.00173011
5.365333333,0.00176738
5.376000000,0.00167969
5.386666667,0.00153449
5.397333333,0.00134287
5.408000000,0.00124289
5.418666667,0.00103874
5.429333333,0.000994572
5.440000000,0.00110554
5.450666667,0.00116991
5.461333333,0.00110322
5.472000000,0.00101428
5.482666667,0.00115603
5.493333333,0.00123506
5.504000000,0.00109387
5.514666667,0.00102553
5.525333333,0.0010217
5.536000000,0.000934289
5.546666667,0.000875626
5.557333333,0.00103666
5.568000000,0.00116778
5.578666667,0.00121613
5.589333333,0.0011711
5.600000000,0.00101862
5.610666667,0.00107545
5.621333333,0.00116022
5.632000000,0.0011005
5.642666667,0.0010113
5.653333333,0.00103339
5.664000000,0.00120335
5.674666667,0.00129836
5.685333333,0.00117859
5.696000000,0.00122679
5.706666667,0.00124913
5.717333333,0.0012585
5.728000000,0.00143858
5.738666667,0.00144208
5.749333333,0.0013198
5.760000000,0.00130534
5.770666667,0.00145306
5.781333333,0.00150177
5.792000000,0.00139384
5.802666667,0.00142438
5.813333333,0.00146567
5.824000000,0.00133241
5.834666667,0.00126635
5.845333333,0.00137751
5.856000000,0.00132099
5.866666667,0.00118977
5.877333333,0.00130879
5.888000000,0.00139674
5.898666667,0.00147383
5.909333333,0.00152699
5.920000000,0.00168068
5.930666667,0.00176199
5.941333333,0.00174189
5.952000000,0.00177054
5.962666667,0.00159984
5.973333333,0.00132428
5.984000000,0.00132834
5.994666667,0.00156528
6.005333333,0.00190847
6.016000000,0.00175496
6.026666667,0.00132384
6.037333333,0.00136299
6.048000000,0.00142287
6.058666667,0.00444009
6.069333333,0.00466638
6.080000000,0.00205799
6.090666667,0.00152389
6.101333333,0.00151343
6.112000000,0.00145835
6.122666667,0.00157724
6.133333333,0.00173117
6.144000000,0.00184552
6.154666667,0.00208473
6.165333333,0.00196927
6.176000000,0.00159992
6.186666667,0.0015152
6.197333333,0.00150144
6.208000000,0.00148728
6.218666667,0.00141629
6.229333333,0.00130264
6.240000000,0.00135219
6.250666667,0.00226166
6.261333333,0.00241988
6.272000000,0.0023318
6.282666667,0.00340871
6.293333333,0.00354256
6.304000000,0.00275386
6.314666667,0.00319489
6.325333333,0.0039582
6.336000000,0.00428691
6.346666667,0.00368915
6.357333333,0.00219941
6.368000000,0.00136706
6.378666667,0.00318361
6.389333333,0.01024
6.400000000,0.0100788
6.410666667,0.00364952
6.421333333,0.00323947
6.432000000,0.00207352
6.442666667,0.00133305
6.453333333,0.00124637
6.464000000,0.00129157
6.474666667,0.00139984
6.485333333,0.00136466
6.496000000,0.00306884
6.506666667,0.0032745
6.517333333,0.00162866
6.528000000,0.00111074
6.538666667,0.00106396
6.549333333,0.000929835
6.560000000,0.000870548
6.570666667,0.000869437
6.581333333,0.00100029
6.592000000,0.00621098
6.602666667,0.00766622
6.613333333,0.00470881
6.624000000,0.00139606
6.634666667,0.00155978
6.645333333,0.00257387
6.656000000,0.00935244
6.666666667,0.0243333
6.677333333,0.0243017
6.688000000,0.0318797
6.698666667,0.0308879
6.709333333,0.00910707
6.720000000,0.0288871
6.730666667,0.0304811
6.741333333,0.0272988
6.752000000,0.0248042
6.762666667,0.00550618
6.773333333,0.0016769
6.784000000,0.00158085
6.794666667,0.00157565
6.805333333,0.0015384
6.816000000,0.00147546
6.826666667,0.00135142
6.837333333,0.00133029
6.848000000,0.00122695
6.858666667,0.00109205
6.869333333,0.00103415
6.880000000,0.000946224
6.890666667,0.000905979
6.901333333,0.000983146
6.912000000,0.00111449
6.922666667,0.00119231
6.933333333,0.00138895
6.944000000,0.00150814
6.954666667,0.00192887
6.965333333,0.00519462
6.976000000,0.00557628
6.986666667,0.00460563
6.997333333,0.00630595
7.008000000,0.00971331
7.018666667,0.0132807
7.029333333,0.013748
7.040000000,0.0100562
7.050666667,0.00508178
7.061333333,0.00413283
7.072000000,0.00425053
7.082666667,0.00570207
7.093333333,0.00525265
7.104000000,0.00182852
7.114666667,0.00141787
7.125333333,0.00174384
7.136000000,0.00184695
7.146666667,0.00144737
7.157333333,0.00124923
7.168000000,0.00125613
7.178666667,0.00104987
7.189333333,0.00103228
7.200000000,0.00115477
7.210666667,0.00125074
7.221333333,0.00148569
7.232000000,0.00169193
7.242666667,0.00182852
7.253333333,0.00204035
7.264000000,0.00224388
7.274666667,0.00258201
7.285333333,0.00333207
7.296000000,0.00377428
7.306666667,0.00376082
7.317333333,0.00419274
7.328000000,0.00407751
7.338666667,0.00288383
7.349333333,0.00294819
7.360000000,0.00347899
7.370666667,0.002925
7.381333333,0.00233046
7.392000000,0.00229363
7.402666667,0.00185202
7.413333333,0.00130434
7.424000000,0.00135974
7.434666667,0.00121285
7.445333333,0.00112132
7.456000000,0.00114184
7.466666667,0.00109759
7.477333333,0.00109127
7.488000000,0.001178
7.498666667,0.00111734
7.509333333,0.00112518
7.520000000,0.00120263
7.530666667,0.00130969
7.541333333,0.00151271
7.552000000,0.0014884
7.562666667,0.00139827
7.573333333,0.00145665
7.584000000,0.00142197
7.594666667,0.00135799
7.605333333,0.00121761
7.616000000,0.00119084
7.626666667,0.00132815
7.637333333,0.00624614
7.648000000,0.00656369
7.658666667,0.00266074
7.669333333,0.00318102
7.680000000,0.00434316
7.690666667,0.00421474
7.701333333,0.00331287
7.712000000,0.00257498
7.722666667,0.00195441
7.733333333,0.0018221
7.744000000,0.00186554
7.754666667,0.00155911
7.765333333,0.00185576
7.776000000,0.00204272
7.786666667,0.00319193
7.797333333,0.00589958
7.808000000,0.0057952
7.818666667,0.00397188
7.829333333,0.00354796
7.840000000,0.00252467
7.850666667,0.00233334
7.861333333,0.0030447
7.872000000,0.00546187
7.882666667,0.00546354
7.893333333,0.00334646
7.904000000,0.00270784
7.914666667,0.00218445
7.925333333,0.00416316
7.936000000,0.00449009
7.946666667,0.00285345
7.957333333,0.00387298
7.968000000,0.0039196
7.978666667,0.00227996
7.989333333,0.015179
8.000000000,0.0191555
8.010666667,0.0144734
8.021333333,0.00898232
8.032000000,0.00355171
8.042666667,0.00323974
8.053333333,0.00337462
8.064000000,0.00251087
8.074666667,0.00358477
8.085333333,0.0103904
8.096000000,0.0141142
8.106666667,0.0104035
8.117333333,0.0031385
8.128000000,0.00245513
8.138666667,0.00228987
8.149333333,0.00266902
8.160000000,0.00316222
8.170666667,0.0039252
8.181333333,0.00687877
8.192000000,0.00823815
8.202666667,0.011004
8.213333333,0.0101607
8.224000000,0.00420996
8.234666667,0.00282711
8.245333333,0.00209546
8.256000000,0.0015835
8.266666667,0.00164712
8.277333333,0.00165213
8.288000000,0.00152883
8.298666667,0.0015769
8.309333333,0.00473104
8.320000000,0.00646065
8.330666667,0.00561772
8.341333333,0.00432933
8.352000000,0.00451005
8.362666667,0.00395544
8.373333333,0.0024984
8.384000000,0.00265815
8.394666667,0.00227384
8.405333333,0.00146598
8.416000000,0.00141145
8.426666667,0.00241434
8.437333333,0.00279987
8.448000000,0.00264967
8.458666667,0.00260026
8.469333333,0.00205919
8.480000000,0.00155078
8.490666667,0.00199559
8.501333333,0.00258408
8.512000000,0.00384427
8.522666667,0.00756013
8.533333333,0.00868598
8.544000000,0.00752039
8.554666667,0.00590781
8.565333333,0.00300317
8.576000000,0.00205969
8.586666667,0.00269572
8.597333333,0.00247594
8.608000000,0.00171729
8.618666667,0.00160684
8.629333333,0.00159378
8.640000000,0.00126411
8.650666667,0.00105616
8.661333333,0.00121673
8.672000000,0.00182307
8.682666667,0.00202587
8.693333333,0.0015879
8.704000000,0.00177394
8.714666667,0.00214741
8.725333333,0.00182594
8.736000000,0.00171174
8.746666667,0.00362361
8.757333333,0.00504099
8.768000000,0.00468845
8.778666667,0.00345015
8.789333333,0.00239585
8.800000000,0.00184596
8.810666667,0.00170891
8.821333333,0.00144628
8.832000000,0.00140131
8.842666667,0.00136961
8.853333333,0.0014054
8.864000000,0.00205206
8.874666667,0.00207306
8.885333333,0.00182765
8.896000000,0.00214921
8.906666667,0.002838
8.917333333,0.00296476
8.928000000,0.00263803
8.938666667,0.00317079
8.949333333,0.00487329
8.960000000,0.00611837
8.970666667,0.00589274
8.981333333,0.00418234
8.992000000,0.0026803
9.002666667,0.00330972
9.013333333,0.00328896
9.024000000,0.00259206
9.034666667,0.00259931
9.045333333,0.00333737
9.056000000,0.00381019
9.066666667,0.00401567
9.077333333,0.00571076
9.088000000,0.0128459
9.098666667,0.0169897
9.109333333,0.0130615
9.120000000,0.00496434
9.130666667,0.00375265
9.141333333,0.00497492
9.152000000,0.00519667
9.162666667,0.00529928
9.173333333,0.0048747
9.184000000,0.00497029
9.194666667,0.00394152
9.205333333,0.00179156
9.216000000,0.00329988
9.226666667,0.00486489
9.237333333,0.00533933
9.248000000,0.0056965
9.258666667,0.00506116
9.269333333,0.00309872
9.280000000,0.00192619
9.290666667,0.0025151
9.301333333,0.00432398
9.312000000,0.00525075
9.322666667,0.00439689
9.333333333,0.00337249
9.344000000,0.00401322
9.354666667,0.00546762
9.365333333,0.00650686
9.376000000,0.00636594
9.386666667,0.00833399
9.397333333,0.0100286
9.408000000,0.00958152
9.418666667,0.00867583
9.429333333,0.00664457
9.440000000,0.0055378
9.450666667,0.00587135
9.461333333,0.00592256
9.472000000,0.00618226
9.482666667,0.00498955
9.493333333,0.00345599
9.504000000,0.00333765
9.514666667,0.0036172
9.525333333,0.00386581
9.536000000,0.00371928
9.546666667,0.00268192
9.557333333,0.00159853
9.568000000,0.00200228
9.578666667,0.00195031
9.589333333,0.0013434
9.600000000,0.00120667
9.610666667,0.00130019
9.621333333,0.00131529
9.632000000,0.00123534
9.642666667,0.0012876
9.653333333,0.00157813
9.664000000,0.00187994
9.674666667,0.00176176
9.685333333,0.00333953
9.696000000,0.0046633
9.706666667,0.00559352
9.717333333,0.00722184
9.728000000,0.00691638
9.738666667,0.00604208
9.749333333,0.00567952
9.760000000,0.00742266
9.770666667,0.00894924
9.781333333,0.00699467
9.792000000,0.00685869
9.802666667,0.00912271
9.813333333,0.00757177
9.824000000,0.00377101
9.834666667,0.00382135
9.845333333,0.00325414
9.856000000,0.00198302
9.866666667,0.00204213
9.877333333,0.0020101
9.888000000,0.00176648
9.898666667,0.00167232
9.909333333,0.00149921
9.920000000,0.00143893
9.930666667,0.00154767
9.941333333,0.00133786
9.952000000,0.0012284
9.962666667,0.00119989
9.973333333,0.00104113
9.984000000,0.00107612
9.994666667,0.00129568
10.005333333,0.00133221
10.016000000,0.00133801
10.026666667,0.00132399
10.037333333,0.00130326
10.048000000,0.00125645
10.058666667,0.00116334
10.069333333,0.00123738
10.080000000,0.00150339
10.090666667,0.00145821
10.101333333,0.00126584
10.112000000,0.00141415
10.122666667,0.00152318
10.133333333,0.0013721
10.144000000,0.00117499
10.154666667,0.00114127
10.165333333,0.00120331
10.176000000,0.00141196
10.186666667,0.00141036
10.197333333,0.00136087
10.208000000,0.00150712
10.218666667,0.00141279
10.229333333,0.00119814
10.240000000,0.00113787
10.250666667,0.0011167
10.261333333,0.00112073
10.272000000,0.00117665
10.282666667,0.00138448
10.293333333,0.00143223
10.304000000,0.00155076
10.314666667,0.00165319
10.325333333,0.00139338
10.336000000,0.00113987
10.346666667,0.00111278
10.357333333,0.00123355
10.368000000,0.00142854
10.378666667,0.00150283
10.389333333,0.00142609
10.400000000,0.00130161
10.410666667,0.00134635
10.421333333,0.00140631
10.432000000,0.00128029
10.442666667,0.00119669
10.453333333,0.00135557
10.464000000,0.00146101
10.474666667,0.00134669
10.485333333,0.00204599
10.496000000,0.0032726
10.506666667,0.0035727
10.517333333,0.00275003
10.528000000,0.00216067
10.538666667,0.00220185
10.549333333,0.00215819
10.560000000,0.00215123
10.570666667,0.00193033
10.581333333,0.00178916
10.592000000,0.00164339
10.602666667,0.00136
10.613333333,0.00172154
10.624000000,0.00173322
10.634666667,0.0014515
10.645333333,0.00143342
10.656000000,0.00153196
10.666666667,0.00157599
10.677333333,0.00137631
10.688000000,0.00157092
10.698666667,0.00159791
10.709333333,0.00208165
10.720000000,0.00664612
10.730666667,0.00796894
10.741333333,0.00558527
10.752000000,0.00360418
10.762666667,0.0029065
10.773333333,0.00370081
10.784000000,0.00522041
10.794666667,0.00504959
10.805333333,0.00371356
10.816000000,0.0039805
10.826666667,0.0051879
10.837333333,0.00662691
10.848000000,0.00612681
10.858666667,0.00415905
10.869333333,0.00314446
10.880000000,0.00242922
10.890666667,0.00222928
10.901333333,0.00212404
10.912000000,0.00196242
10.922666667,0.00182262
10.933333333,0.00170536
10.944000000,0.00138722
10.954666667,0.00562826
10.965333333,0.0131455
10.976000000,0.0126963
10.986666667,0.00700003
10.997333333,0.00844365
11.008000000,0.00752308
11.018666667,0.00459325
11.029333333,0.0031123
11.040000000,0.00224338
11.050666667,0.00163455
11.061333333,0.00158986
11.072000000,0.0097971
11.082666667,0.0138991
11.093333333,0.0109337
11.104000000,0.00660087
11.114666667,0.00683531
11.125333333,0.00575689
11.136000000,0.00381683
11.146666667,0.00323802
11.157333333,0.0101905
11.168000000,0.0143103
11.178666667,0.0129555
11.189333333,0.0104299
11.200000000,0.00821061
11.210666667,0.00625214
11.221333333,0.00612461
11.232000000,0.00492641
11.242666667,0.00625858
11.253333333,0.0104269
11.264000000,0.013338
11.274666667,0.0127637
11.285333333,0.00856871
11.296000000,0.00489101
11.306666667,0.00533704
11.317333333,0.00504464
11.328000000,0.00442629
11.338666667,0.00418489
11.349333333,0.00339683
11.360000000,0.00378438
11.370666667,0.00369771
11.381333333,0.00327958
11.392000000,0.00309463
11.402666667,0.00298563
11.413333333,0.00324655
11.424000000,0.00343702
11.434666667,0.00365971
11.445333333,0.00359376
11.456000000,0.00336376
11.466666667,0.00339295
11.477333333,0.00339654
11.488000000,0.00338497
11.498666667,0.00386012
11.509333333,0.00463399
11.520000000,0.00418419
11.530666667,0.00353895
11.541333333,0.00343917
11.552000000,0.00480669
11.562666667,0.00492384
11.573333333,0.00369528
11.584000000,0.00405675
11.594666667,0.00413371
11.605333333,0.00358914
11.616000000,0.0032969
11.626666667,0.00332566
11.637333333,0.00314041
11.648000000,0.00279897
11.658666667,0.00310492
11.669333333,0.00375118
11.680000000,0.00390248
11.690666667,0.00395627
11.701333333,0.00360209
11.712000000,0.0030367
11.722666667,0.00261855
11.733333333,0.00272899
11.744000000,0.00288665
11.754666667,0.0033574
11.765333333,0.00348045
11.776000000,0.00294839
11.786666667,0.00272172
11.797333333,0.00245526
11.808000000,0.00239872
11.818666667,0.00251228
11.829333333,0.00260396
11.840000000,0.00268192
11.850666667,0.002738
11.861333333,0.00255946
11.872000000,0.00251908
11.882666667,0.00261449
11.893333333,0.00268602
11.904000000,0.0027901
11.914666667,0.00272071
11.925333333,0.00245375
11.936000000,0.00318869
11.946666667,0.00365255
11.957333333,0.00282161
11.968000000,0.00226573
11.978666667,0.00280774
11.989333333,0.00291773
12.000000000,0.00244657
12.010666667,0.00446472
12.021333333,0.0153628
12.032000000,0.0170395
12.042666667,0.0128836
12.053333333,0.0121049
12.064000000,0.0112099
12.074666667,0.013275
12.085333333,0.0201521
12.096000000,0.0224152
12.106666667,0.0180563
12.117333333,0.0181891
12.128000000,0.0163611
12.138666667,0.009633
12.149333333,0.008608
12.160000000,0.0095411
12.170666667,0.00987352
12.181333333,0.0114681
12.192000000,0.0100435
12.202666667,0.00661092
12.213333333,0.00835783
12.224000000,0.00989069
12.234666667,0.010109
12.245333333,0.0109755
12.256000000,0.0116543
12.266666667,0.0143019
12.277333333,0.01763
12.288000000,0.0208753
12.298666667,0.0227554
12.309333333,0.0193506
12.320000000,0.0181429
12.330666667,0.0243368
12.341333333,0.0267363
12.352000000,0.0277069
12.362666667,0.0275899
12.373333333,0.0232188
12.384000000,0.0198776
12.394666667,0.0185082
12.405333333,0.0157966
12.416000000,0.0126334
12.426666667,0.014117
12.437333333,0.0152799
12.448000000,0.0121331
12.458666667,0.0110561
12.469333333,0.0142073
12.480000000,0.0162973
12.490666667,0.0158899
12.501333333,0.0156533
12.512000000,0.0156257
12.522666667,0.0151587
12.533333333,0.0159829
12.544000000,0.017793
12.554666667,0.020749
12.565333333,0.0230636
12.576000000,0.02247
12.586666667,0.0210597
12.597333333,0.0192117
12.608000000,0.0151714
12.618666667,0.0112608
12.629333333,0.0103518
12.640000000,0.011807
12.650666667,0.0129924
12.661333333,0.0140656
12.672000000,0.0135042
12.682666667,0.0117052
12.693333333,0.0109805
12.704000000,0.0114159
12.714666667,0.012653
12.725333333,0.0125577
12.736000000,0.0123458
12.746666667,0.0124214
12.757333333,0.0126876
12.768000000,0.0142379
12.778666667,0.0150482
12.789333333,0.0173005
12.800000000,0.0172196
12.810666667,0.0160037
12.821333333,0.0164483
12.832000000,0.0177318
12.842666667,0.0189446
12.853333333,0.0196213
12.864000000,0.0217954
12.874666667,0.0265535
12.885333333,0.0346013
12.896000000,0.0394501
12.906666667,0.0342609
12.917333333,0.0274395
12.928000000,0.0283648
12.938666667,0.031884
12.949333333,0.0320553
12.960000000,0.0298326
12.970666667,0.0387069
12.981333333,0.0505265
12.992000000,0.0492595
13.002666667,0.0444669
13.013333333,0.0469124
13.024000000,0.0490156
13.034666667,0.0598302
13.045333333,0.0605923
13.056000000,0.0584709
13.066666667,0.065437
13.077333333,0.0620159
13.088000000,0.0562261
13.098666667,0.0517996
13.109333333,0.0478024
13.120000000,0.0451625
13.130666667,0.0491342
13.141333333,0.0504244
13.152000000,0.0475244
13.162666667,0.0467305
13.173333333,0.0438031
13.184000000,0.0402785
13.194666667,0.0444161
13.205333333,0.0510579
13.216000000,0.0543921
13.226666667,0.0503019
13.237333333,0.0354636
13.248000000,0.0369814
13.258666667,0.0438247
13.269333333,0.048488
13.280000000,0.0505488
13.290666667,0.044314
13.301333333,0.0451299
13.312000000,0.0433074
13.322666667,0.0361905
13.333333333,0.0339328
13.344000000,0.0326462
13.354666667,0.03544
13.365333333,0.0357208
13.376000000,0.0353547
13.386666667,0.0368222
13.397333333,0.0338771
13.408000000,0.0315194
13.418666667,0.0331033
13.429333333,0.0355474
13.440000000,0.0301722
13.450666667,0.0264636
13.461333333,0.0338464
13.472000000,0.0375004
13.482666667,0.0356932
13.493333333,0.0292501
13.504000000,0.024442
13.514666667,0.0230545
13.525333333,0.0218249
13.536000000,0.023406
13.546666667,0.0264044
13.557333333,0.0279157
13.568000000,0.0300242
13.578666667,0.0271706
13.589333333,0.0273477
13.600000000,0.0338943
13.610666667,0.0300874
13.621333333,0.0267527
13.632000000,0.0333637
13.642666667,0.0288499
13.653333333,0.0272545
13.664000000,0.0423172
13.674666667,0.0432145
13.685333333,0.0375133
13.696000000,0.0394793
13.706666667,0.0381749
13.717333333,0.0333439
13.728000000,0.0304355
13.738666667,0.0355107
13.749333333,0.0409995
13.760000000,0.0406985
13.770666667,0.0386096
13.781333333,0.0368675
13.792000000,0.0296573
13.802666667,0.0282059
13.813333333,0.0312929
13.824000000,0.0352904
13.834666667,0.0405344
13.845333333,0.038319
13.856000000,0.0380274
13.866666667,0.0447774
13.877333333,0.0539723
13.888000000,0.053598
13.898666667,0.0445292
13.909333333,0.0385689
13.920000000,0.0358132
13.930666667,0.0476422
13.941333333,0.0524706
13.952000000,0.0445155
13.962666667,0.0450302
13.973333333,0.0445243
13.984000000,0.0462258
13.994666667,0.0446535
14.005333333,0.0387328
14.016000000,0.0373876
14.026666667,0.0432548
14.037333333,0.0436406
14.048000000,0.0323653
14.058666667,0.0301346
14.069333333,0.0354577
14.080000000,0.0438565
14.090666667,0.0450507
14.101333333,0.0412745
14.112000000,0.0386517
14.122666667,0.0349183
14.133333333,0.0357085
14.144000000,0.0371221
14.154666667,0.0359459
14.165333333,0.0326454
14.176000000,0.0303842
14.186666667,0.0292304
14.197333333,0.0348657
14.208000000,0.0376941
14.218666667,0.0319759
14.229333333,0.0354914
14.240000000,0.0337725
14.250666667,0.027651
14.261333333,0.0323809
14.272000000,0.0360866
14.282666667,0.0308735
14.293333333,0.0308785
14.304000000,0.032899
14.314666667,0.0328336
14.325333333,0.0426826
14.336000000,0.0439462
14.346666667,0.0348424
14.357333333,0.0324259
14.368000000,0.0297012
14.378666667,0.0245614
14.389333333,0.0315857
14.400000000,0.0346142
14.410666667,0.0395335
14.421333333,0.0381069
14.432000000,0.0245854
14.442666667,0.0210543
14.453333333,0.027321
14.464000000,0.0296169
14.474666667,0.0244741
14.485333333,0.0225339
14.496000000,0.0257784
14.506666667,0.0264748
14.517333333,0.0278704
14.528000000,0.0298193
14.538666667,0.026007
14.549333333,0.0235235
14.560000000,0.0232828
14.570666667,0.0281329
14.581333333,0.0287065
14.592000000,0.0315917
14.602666667,0.0320922
14.613333333,0.026215
14.624000000,0.0318871
14.634666667,0.0323472
14.645333333,0.0281494
14.656000000,0.0232825
14.666666667,0.0221757
14.677333333,0.0237651
14.688000000,0.0230609
14.698666667,0.0218497
14.709333333,0.0218102
14.720000000,0.0218958
14.730666667,0.0238408
14.741333333,0.025
14.752000000,0.0235096
14.762666667,0.0224546
14.773333333,0.0216628
14.784000000,0.0244304
14.794666667,0.0241588
14.805333333,0.0202663
14.816000000,0.0186609
14.826666667,0.0222802
14.837333333,0.0237976
14.848000000,0.0220347
14.858666667,0.0237834
14.869333333,0.0258133
14.880000000,0.0248493
14.890666667,0.0223936
14.901333333,0.0233416
14.912000000,0.024669
14.922666667,0.0226542
14.933333333,0.023326
14.944000000,0.0240443
14.954666667,0.0229166
14.965333333,0.0206449
14.976000000,0.0177337
14.986666667,0.01736
14.997333333,0.0199119
15.008000000,0.0196181
15.018666667,0.0188581
15.029333333,0.0198585
15.040000000,0.0191211
15.050666667,0.0182536
15.061333333,0.0181509
15.072000000,0.0245387
15.082666667,0.026488
15.093333333,0.0207233
15.104000000,0.0168348
15.114666667,0.0152382
15.125333333,0.0156861
15.136000000,0.0168972
15.146666667,0.0168405
15.157333333,0.0160571
15.168000000,0.0174593
15.178666667,0.0181699
15.189333333,0.0176213
15.200000000,0.0177332
15.210666667,0.0175912
15.221333333,0.0171526
15.232000000,0.0155735
15.242666667,0.0145743
15.253333333,0.0135894
15.264000000,0.0131994
15.274666667,0.01442
15.285333333,0.0142452
15.296000000,0.0161296
15.306666667,0.0162011
15.317333333,0.0146908
15.328000000,0.0143283
15.338666667,0.0138631
15.349333333,0.0152877
15.360000000,0.0143544
15.370666667,0.0152667
15.381333333,0.0161702
15.392000000,0.0157631
15.402666667,0.0150622
15.413333333,0.0153803
15.424000000,0.0169215
15.434666667,0.0185706
15.445333333,0.0189743
15.456000000,0.0176553
15.466666667,0.0182705
15.477333333,0.0173321
15.488000000,0.0182765
15.498666667,0.0196796
15.509333333,0.0172697
15.520000000,0.0157128
15.530666667,0.0157028
15.541333333,0.0164772
15.552000000,0.0175762
15.562666667,0.0163372
15.573333333,0.017429
15.584000000,0.018129
15.594666667,0.0173317
15.605333333,0.0180171
15.616000000,0.0172385
15.626666667,0.0148152
15.637333333,0.0139754
15.648000000,0.0139453
15.658666667,0.0134912
15.669333333,0.0138626
15.680000000,0.0141798
15.690666667,0.0135357
15.701333333,0.0115067
15.712000000,0.011996
15.722666667,0.0116045
15.733333333,0.0100922
15.744000000,0.00986999
15.754666667,0.00946009
15.765333333,0.00966819
15.776000000,0.0100924
15.786666667,0.00902755
15.797333333,0.00926289
15.808000000,0.00985738
15.818666667,0.00874953
15.829333333,0.00935708
15.840000000,0.00937207
15.850666667,0.00870035
15.861333333,0.00997368
15.872000000,0.0106885
15.882666667,0.0124311
15.893333333,0.0117356
15.904000000,0.0107247
15.914666667,0.0108473
15.925333333,0.0100411
15.936000000,0.01202
15.946666667,0.0110161
15.957333333,0.0107605
15.968000000,0.0121493
15.978666667,0.0106676
15.989333333,0.00917695
16.000000000,0.00956357
16.010666667,0.0122088
16.021333333,0.0141982
16.032000000,0.0148367
16.042666667,0.0127737
16.053333333,0.00894368
16.064000000,0.0129873
16.074666667,0.0143806
16.085333333,0.0107835
16.096000000,0.0113484
16.106666667,0.0124714
16.117333333,0.0137838
16.128000000,0.0156639
16.138666667,0.0139958
16.149333333,0.0122448
16.160000000,0.0130311
16.170666667,0.011895
16.181333333,0.00989169
16.192000000,0.0123257
16.202666667,0.0136246
16.213333333,0.013076
16.224000000,0.0126386
16.234666667,0.0142504
16.245333333,0.0160033
16.256000000,0.014166
16.266666667,0.0116199
16.277333333,0.0150119
16.288000000,0.0156475
16.298666667,0.0162138
16.309333333,0.018816
16.320000000,0.0182195
16.330666667,0.0175289
16.341333333,0.0165244
16.352000000,0.0155217
16.362666667,0.0146274
16.373333333,0.0147619
16.384000000,0.0144493
16.394666667,0.0133157
16.405333333,0.0125731
16.416000000,0.0149223
16.426666667,0.0158275
16.437333333,0.0151655
16.448000000,0.016634
16.458666667,0.0152361
16.469333333,0.0137457
16.480000000,0.0145381
16.490666667,0.0172567
16.501333333,0.0174788
16.512000000,0.0151098
16.522666667,0.0153507
16.533333333,0.0155872
16.544000000,0.0187395
16.554666667,0.0206173
16.565333333,0.0200717
16.576000000,0.0189096
16.586666667,0.0186968
16.597333333,0.0173419
16.608000000,0.0142894
16.618666667,0.0141609
16.629333333,0.015478
16.640000000,0.016388
16.650666667,0.0180066
16.661333333,0.0185978
16.672000000,0.0155368
16.682666667,0.0130602
16.693333333,0.0123213
16.704000000,0.0123557
16.714666667,0.0123983
16.725333333,0.0127862
16.736000000,0.0126173
16.746666667,0.0128492
16.757333333,0.0151586
16.768000000,0.015573
16.778666667,0.0135974
16.789333333,0.0132808
16.800000000,0.0129922
16.810666667,0.0123822
16.821333333,0.0118537
16.832000000,0.0123765
16.842666667,0.0181409
16.853333333,0.0185506
16.864000000,0.0129685
16.874666667,0.0121024
16.885333333,0.0129198
16.896000000,0.0128347
16.906666667,0.0120644
16.917333333,0.012834
16.928000000,0.0137277
16.938666667,0.0124134
16.949333333,0.0112654
16.960000000,0.0109329
16.970666667,0.0113525
16.981333333,0.0114337
16.992000000,0.0119666
17.002666667,0.0121115
17.013333333,0.0123103
17.024000000,0.0114955
17.034666667,0.0107523
17.045333333,0.0102148
17.056000000,0.011382
17.066666667,0.0123154
17.077333333,0.0118185
17.088000000,0.0117379
17.098666667,0.0139607
17.109333333,0.0150949
17.120000000,0.014607
17.130666667,0.0140743
17.141333333,0.0133661
17.152000000,0.0154821
17.162666667,0.0154394
17.173333333,0.0138441
17.184000000,0.0140748
17.194666667,0.0154253
17.205333333,0.0163331
17.216000000,0.0158535
17.226666667,0.0147111
17.237333333,0.0133843
17.248000000,0.0129867
17.258666667,0.0144392
17.269333333,0.0149331
17.280000000,0.0148389
17.290666667,0.0143364
17.301333333,0.013476
17.312000000,0.0150647
17.322666667,0.0148552
17.333333333,0.0135122
17.344000000,0.0139603
17.354666667,0.0142924
17.365333333,0.0130691
17.376000000,0.0113289
17.386666667,0.0123122
17.397333333,0.0131854
17.408000000,0.0118324
17.418666667,0.0128124
17.429333333,0.0126306
17.440000000,0.0105003
17.450666667,0.0106777
17.461333333,0.00917798
17.472000000,0.00870226
17.482666667,0.00956368
17.493333333,0.00877768
17.504000000,0.0088247
17.514666667,0.0105942
17.525333333,0.010706
17.536000000,0.00961461
17.546666667,0.010256
17.557333333,0.0108345
17.568000000,0.0106707
17.578666667,0.0116305
17.589333333,0.0132349
17.600000000,0.0125893
17.610666667,0.0110209
17.621333333,0.010336
17.632000000,0.00947586
17.642666667,0.00943958
17.653333333,0.00936486
17.664000000,0.00948601
17.674666667,0.0095562
17.685333333,0.0102727
17.696000000,0.0109427
17.706666667,0.00933962
17.717333333,0.00876281
17.728000000,0.00993179
17.738666667,0.0102733
17.749333333,0.0101646
17.760000000,0.00966868
17.770666667,0.00946218
17.781333333,0.00910675
17.792000000,0.00868301
17.802666667,0.00946413
17.813333333,0.0104172
17.824000000,0.0110942
17.834666667,0.0115265
17.845333333,0.0103874
17.856000000,0.009787
17.866666667,0.0105533
17.877333333,0.00987597
17.888000000,0.00971981
17.898666667,0.00996498
17.909333333,0.011816
17.920000000,0.0125115
17.930666667,0.0108593
17.941333333,0.0100454
17.952000000,0.010463
17.962666667,0.0104566
17.973333333,0.00991261
17.984000000,0.00953323
17.994666667,0.00981327
18.005333333,0.0108438
18.016000000,0.0113384
18.026666667,0.0147172
18.037333333,0.0161173
18.048000000,0.012904
18.058666667,0.0108382
18.069333333,0.0109898
18.080000000,0.0114306
18.090666667,0.0117145
18.101333333,0.010607
18.112000000,0.010395
18.122666667,0.0117019
18.133333333,0.0116771
18.144000000,0.011533
18.154666667,0.0125112
18.165333333,0.0151405
18.176000000,0.0169782
18.186666667,0.0163346
18.197333333,0.0156188
18.208000000,0.035946
18.218666667,0.0534555
18.229333333,0.0488883
18.240000000,0.0341977
18.250666667,0.0288963
18.261333333,0.0308145
18.272000000,0.0305163
18.282666667,0.0255703
18.293333333,0.0342721
18.304000000,0.0359728
18.314666667,0.0246478
18.325333333,0.0200526
18.336000000,0.0176524
18.346666667,0.0142123
18.357333333,0.0154398
18.368000000,0.0139229
18.378666667,0.0128987
18.389333333,0.0123933
18.400000000,0.00982043
18.410666667,0.0112691
18.421333333,0.0126183
18.432000000,0.0126457
18.442666667,0.0144162
18.453333333,0.0233551
18.464000000,0.0219603
18.474666667,0.0109177
18.485333333,0.00915128
18.496000000,0.00697052
18.506666667,0.00599899
18.517333333,0.006305
18.528000000,0.00831479
18.538666667,0.00905271
18.549333333,0.00914586
18.560000000,0.0100959
18.570666667,0.00965458
18.581333333,0.00839472
18.592000000,0.00684552
18.602666667,0.00685212
18.613333333,0.00805577
18.624000000,0.00731628
18.634666667,0.00787939
18.645333333,0.00909247
18.656000000,0.0102358
18.666666667,0.0103193
18.677333333,0.00880988
18.688000000,0.00881509
18.698666667,0.00826273
18.709333333,0.00702012
18.720000000,0.00759487
18.730666667,0.00867664
18.741333333,0.00965488
18.752000000,0.00940895
18.762666667,0.010171
18.773333333,0.0134135
18.784000000,0.0159847
18.794666667,0.0229045
18.805333333,0.0356363
18.816000000,0.0406567
18.826666667,0.0429766
18.837333333,0.036931
18.848000000,0.0294296
18.858666667,0.0319123
18.869333333,0.039957
18.880000000,0.0459328
18.890666667,0.0413155
18.901333333,0.0390705
18.912000000,0.0346666
18.922666667,0.0367873
18.933333333,0.0451429
18.944000000,0.0433939
18.954666667,0.0425266
18.965333333,0.0465127
18.976000000,0.0517206
18.986666667,0.0533483
18.997333333,0.0606617
19.008000000,0.0583727
19.018666667,0.0419895
19.029333333,0.0525935
19.040000000,0.0622311
19.050666667,0.0569847
19.061333333,0.0528063
19.072000000,0.0564689
19.082666667,0.0518501
19.093333333,0.0479446
19.104000000,0.0510721
19.114666667,0.0501445
19.125333333,0.0495042
19.136000000,0.0569006
19.146666667,0.0570665
19.157333333,0.0461157
19.168000000,0.0503028
19.178666667,0.0514907
19.189333333,0.0389258
19.200000000,0.0303196
19.210666667,0.0336722
19.221333333,0.0373048
19.232000000,0.034451
19.242666667,0.0283241
19.253333333,0.0356458
19.264000000,0.0370436
19.274666667,0.0355911
19.285333333,0.0424202
19.296000000,0.0426992
19.306666667,0.0395343
19.317333333,0.0488973
19.328000000,0.0588962
19.338666667,0.0525999
19.349333333,0.0525343
19.360000000,0.0614879
19.370666667,0.0554939
19.381333333,0.0483059
19.392000000,0.0472172
19.402666667,0.0557349
19.413333333,0.0592673
19.424000000,0.054084
19.434666667,0.0574066
19.445333333,0.0553451
19.456000000,0.0654315
19.466666667,0.0689586
19.477333333,0.0581301
19.488000000,0.0587369
19.498666667,0.0513781
19.509333333,0.0371898
19.520000000,0.0597837
19.530666667,0.0638672
19.541333333,0.0504401
19.552000000,0.0631038
19.562666667,0.0690477
19.573333333,0.0570827
19.584000000,0.0457602
19.594666667,0.0490468
19.605333333,0.0482648
19.616000000,0.0421865
19.626666667,0.0515222
19.637333333,0.0601597
19.648000000,0.0554499
19.658666667,0.0435512
19.669333333,0.0360373
19.680000000,0.0453857
19.690666667,0.0454402
19.701333333,0.0368459
19.712000000,0.0423918
19.722666667,0.0473484
19.733333333,0.0406147
19.744000000,0.0358617
19.754666667,0.039503
19.765333333,0.0441797
19.776000000,0.0490003
19.786666667,0.0482147
19.797333333,0.0416234
19.808000000,0.0387555
19.818666667,0.040419
19.829333333,0.0495697
19.840000000,0.0485499
19.850666667,0.0373072
19.861333333,0.0363364
19.872000000,0.0388365
19.882666667,0.0498934
19.893333333,0.0589602
19.904000000,0.0614539
19.914666667,0.0621686
19.925333333,0.0520136
19.936000000,0.0367808
19.946666667,0.0352134
19.957333333,0.0356001
19.968000000,0.0333333
19.978666667,0.0301018
19.989333333,0.0262925
20.000000000,0.0249832
20.010666667,0.0251957
20.021333333,0.0258596
20.032000000,0.021884
20.042666667,0.0207575
20.053333333,0.025415
20.064000000,0.0263908
20.074666667,0.027047
20.085333333,0.0241335
20.096000000,0.0223309
20.106666667,0.0271619
20.117333333,0.0240919
20.128000000,0.0237158
20.138666667,0.0313464
20.149333333,0.0289656
20.160000000,0.023983
20.170666667,0.0254338
20.181333333,0.0244196
20.192000000,0.0264738
20.202666667,0.0253335
20.213333333,0.0178539
20.224000000,0.0182205
20.234666667,0.0187108
20.245333333,0.017669
20.256000000,0.0207657
20.266666667,0.0226927
20.277333333,0.0196727
20.288000000,0.0181853
20.298666667,0.0204283
20.309333333,0.019625
20.320000000,0.0208148
20.330666667,0.0204311
20.341333333,0.0171065
20.352000000,0.0216884
20.362666667,0.0228735
20.373333333,0.0199801
20.384000000,0.0220738
20.394666667,0.0219082
20.405333333,0.0231033
20.416000000,0.0239793
20.426666667,0.0215396
20.437333333,0.0248455
20.448000000,0.0250053
20.458666667,0.0278451
20.469333333,0.0301449
20.480000000,0.0226452
20.490666667,0.0215965
20.501333333,0.0275296
20.512000000,0.031437
20.522666667,0.0308746
20.533333333,0.030019
20.544000000,0.0321873
20.554666667,0.0350629
20.565333333,0.0317487
20.576000000,0.0255986
20.586666667,0.0270464
20.597333333,0.0321362
20.608000000,0.0408923
20.618666667,0.0400987
20.629333333,0.0384077
20.640000000,0.0419151
20.650666667,0.0386475
20.661333333,0.0441741
20.672000000,0.0504579
20.682666667,0.0479659
20.693333333,0.0425161
20.704000000,0.0387886
20.714666667,0.0391786
20.725333333,0.0403613
20.736000000,0.0398229
20.746666667,0.0415706
20.757333333,0.0399777
20.768000000,0.0420193
20.778666667,0.0527993
20.789333333,0.0700401
20.800000000,0.0644928
20.810666667,0.0467829
20.821333333,0.0606669
20.832000000,0.0728083
20.842666667,0.076132
20.853333333,0.0740817
20.864000000,0.0671403
20.874666667,0.0662196
20.885333333,0.0660836
20.896000000,0.0637117
20.906666667,0.0626376
20.917333333,0.065655
20.928000000,0.0669312
20.938666667,0.0678845
20.949333333,0.0629471
20.960000000,0.0593983
20.970666667,0.0607996
20.981333333,0.0590095
20.992000000,0.0592185
21.002666667,0.0524731
21.013333333,0.0515571
21.024000000,0.0591198
21.034666667,0.0642031
21.045333333,0.0516005
21.056000000,0.0424764
21.066666667,0.0400157
21.077333333,0.0406973
21.088000000,0.0469035
21.098666667,0.0493548
21.109333333,0.0531682
21.120000000,0.0485428
21.130666667,0.04381
21.141333333,0.0455649
21.152000000,0.0561243
21.162666667,0.0567633
21.173333333,0.055372
21.184000000,0.0523797
21.194666667,0.0399504
21.205333333,0.0442959
21.216000000,0.0432374
21.226666667,0.0317565
21.237333333,0.0259115
21.248000000,0.0241956
21.258666667,0.0215289
21.269333333,0.021989
21.280000000,0.0224453
21.290666667,0.0220595
21.301333333,0.0251828
21.312000000,0.0255519
21.322666667,0.0245489
21.333333333,0.0234527
21.344000000,0.0201608
21.354666667,0.0189289
21.365333333,0.0216978
21.376000000,0.0207816
21.386666667,0.0163872
21.397333333,0.0179663
21.408000000,0.0183911
21.418666667,0.0179646
21.429333333,0.0204999
21.440000000,0.0212659
21.450666667,0.0182336
21.461333333,0.0139935
21.472000000,0.01193
21.482666667,0.0114188
21.493333333,0.0111408
21.504000000,0.0116346
21.514666667,0.0131959
21.525333333,0.0128697
21.536000000,0.0119799
21.546666667,0.011822
21.557333333,0.0122937
21.568000000,0.0106515
21.578666667,0.0100503
21.589333333,0.0125091
21.600000000,0.0117803
21.610666667,0.00981907
21.621333333,0.0104808
21.632000000,0.0102891
21.642666667,0.0101299
21.653333333,0.0101536
21.664000000,0.00915134
21.674666667,0.00912393
21.685333333,0.0117856
21.696000000,0.0116272
21.706666667,0.0076509
21.717333333,0.00765944
21.728000000,0.00961781
21.738666667,0.00918541
21.749333333,0.00787931
21.760000000,0.00840829
21.770666667,0.00812227
21.781333333,0.00634221
21.792000000,0.00665221
21.802666667,0.00806207
21.813333333,0.00806877
21.824000000,0.00704986
21.834666667,0.00615933
21.845333333,0.00586146
21.856000000,0.00679067
21.866666667,0.00710812
21.877333333,0.00674806
21.888000000,0.00673647
21.898666667,0.00635686
21.909333333,0.00569853
21.920000000,0.00551116
21.930666667,0.00676282
21.941333333,0.00660934
21.952000000,0.00627541
21.962666667,0.0065253
21.973333333,0.00692855
21.984000000,0.0078016
21.994666667,0.00828876
22.005333333,0.00842947
22.016000000,0.0110414
22.026666667,0.0130841
22.037333333,0.0116053
22.048000000,0.0113542
22.058666667,0.0150617
22.069333333,0.0290647
22.080000000,0.0414429
22.090666667,0.0395039
22.101333333,0.0318612
22.112000000,0.0334822
22.122666667,0.0446951
22.133333333,0.0532532
22.144000000,0.0555266
22.154666667,0.0534763
22.165333333,0.0554416
22.176000000,0.0584629
22.186666667,0.065753
22.197333333,0.074286
22.208000000,0.0671697
22.218666667,0.0570564
22.229333333,0.0602623
22.240000000,0.0666999
22.250666667,0.0706214
22.261333333,0.0731334
22.272000000,0.0706192
22.282666667,0.0779747
22.293333333,0.0688032
22.304000000,0.0636234
22.314666667,0.0682468
22.325333333,0.0765656
22.336000000,0.0782153
22.346666667,0.0614061
22.357333333,0.0770393
22.368000000,0.0894392
22.378666667,0.080981
22.389333333,0.0637511
22.400000000,0.060499
22.410666667,0.063022
22.421333333,0.0536867
22.432000000,0.039669
22.442666667,0.0280155
22.453333333,0.0270106
22.464000000,0.0334753
22.474666667,0.0299967
22.485333333,0.0367861
22.496000000,0.0413914
22.506666667,0.0453295
22.517333333,0.0419875
22.528000000,0.0236975
22.538666667,0.0190036
22.549333333,0.0198555
22.560000000,0.0215605
22.570666667,0.0184478
22.581333333,0.0167472
22.592000000,0.0195033
22.602666667,0.017971
22.613333333,0.0137533
22.624000000,0.0190182
22.634666667,0.0207199
22.645333333,0.0168644
22.656000000,0.0171989
22.666666667,0.0175305
22.677333333,0.015151
22.688000000,0.0163485
22.698666667,0.0194053
22.709333333,0.0181499
22.720000000,0.0174514
22.730666667,0.0190957
22.741333333,0.0183352
22.752000000,0.0177797
22.762666667,0.016359
22.773333333,0.0156261
22.784000000,0.0182529
22.794666667,0.0176275
22.805333333,0.0175764
22.816000000,0.0184074
22.826666667,0.01853
22.837333333,0.0210705
22.848000000,0.020285
22.858666667,0.0182438
22.869333333,0.0190267
22.880000000,0.017756
22.890666667,0.016052
22.901333333,0.0161561
22.912000000,0.0176776
22.922666667,0.0187006
22.933333333,0.0181055
22.944000000,0.0182041
22.954666667,0.0187643
22.965333333,0.0181717
22.976000000,0.0183147
22.986666667,0.0187199
22.997333333,0.0178365
23.008000000,0.0203125
23.018666667,0.0227136
23.029333333,0.0223411
23.040000000,0.0210199
23.050666667,0.0186074
23.061333333,0.0175133
23.072000000,0.0194509
23.082666667,0.0206884
23.093333333,0.0209666
23.104000000,0.0200992
23.114666667,0.0180693
23.125333333,0.0193505
23.136000000,0.0198921
23.146666667,0.019508
23.157333333,0.0205227
23.168000000,0.020987
23.178666667,0.0208259
23.189333333,0.0200409
23.200000000,0.0191751
23.210666667,0.0200116
23.221333333,0.0211855
23.232000000,0.020993
23.242666667,0.02075
23.253333333,0.0210658
23.264000000,0.0208664
23.274666667,0.0214124
23.285333333,0.0211395
23.296000000,0.0213545
23.306666667,0.022794
23.317333333,0.0214331
23.328000000,0.0201966
23.338666667,0.0206917
23.349333333,0.0204643
23.360000000,0.0199869
23.370666667,0.0194603
23.381333333,0.0186434
23.392000000,0.0187034
23.402666667,0.0195589
23.413333333,0.0174882
23.424000000,0.0154541
23.434666667,0.0162177
23.445333333,0.0198825
23.456000000,0.0205041
23.466666667,0.021309
23.477333333,0.0221367
23.488000000,0.0196415
23.498666667,0.019152
23.509333333,0.0180953
23.520000000,0.0181851
23.530666667,0.017779
23.541333333,0.0185667
23.552000000,0.0191363
23.562666667,0.0206548
23.573333333,0.0208805
23.584000000,0.019397
23.594666667,0.0192062
23.605333333,0.0179891
23.616000000,0.0176613
23.626666667,0.018542
23.637333333,0.0186294
23.648000000,0.0194354
23.658666667,0.0215825
23.669333333,0.0207988
23.680000000,0.0191521
23.690666667,0.0195732
23.701333333,0.019893
23.712000000,0.019227
23.722666667,0.0180277
23.733333333,0.0180804
23.744000000,0.0200657
23.754666667,0.0196466
23.765333333,0.020111
23.776000000,0.0210832
23.786666667,0.0207789
23.797333333,0.0191887
23.808000000,0.0178888
23.818666667,0.0207295
23.829333333,0.0209757
23.840000000,0.0177094
23.850666667,0.0192743
23.861333333,0.0223058
23.872000000,0.0226729
23.882666667,0.0226477
23.893333333,0.0214272
23.904000000,0.0198612
23.914666667,0.020379
23.925333333,0.0213655
23.936000000,0.023773
23.946666667,0.025457
23.957333333,0.0238269
23.968000000,0.0220709
23.978666667,0.0229211
23.989333333,0.023546
24.000000000,0.0218526
24.010666667,0.0213776
24.021333333,0.0232903
24.032000000,0.0241822
24.042666667,0.0233433
24.053333333,0.0222373
24.064000000,0.0219977
24.074666667,0.0227745
24.085333333,0.0233196
24.096000000,0.0235936
24.106666667,0.0227391
24.117333333,0.0215317
24.128000000,0.021021
24.138666667,0.0202028
24.149333333,0.0204156
24.160000000,0.0209416
24.170666667,0.0215744
24.181333333,0.0230404
24.192000000,0.0230687
24.202666667,0.0223426
24.213333333,0.0224515
24.224000000,0.021771
24.234666667,0.0213067
24.245333333,0.0233248
24.256000000,0.0241316
24.266666667,0.0225988
24.277333333,0.0220704
24.288000000,0.0249764
24.298666667,0.0262428
24.309333333,0.0265392
24.320000000,0.0264566
24.330666667,0.0244584
24.341333333,0.0235101
24.352000000,0.023145
24.362666667,0.0250398
24.373333333,0.0252495
24.384000000,0.0228551
24.394666667,0.0242014
24.405333333,0.0249145
24.416000000,0.025847
24.426666667,0.0261914
24.437333333,0.0246864
24.448000000,0.026259
24.458666667,0.0260917
24.469333333,0.0264467
24.480000000,0.0265461
24.490666667,0.0243662
24.501333333,0.0249968
24.512000000,0.0256051
24.522666667,0.0246874
24.533333333,0.0231048
24.544000000,0.0242141
24.554666667,0.0229433
24.565333333,0.0205256
24.576000000,0.0206557
24.586666667,0.0206338
24.597333333,0.0225439
24.608000000,0.0208619
24.618666667,0.0207557
24.629333333,0.0233117
24.640000000,0.0216628
24.650666667,0.0218417
24.661333333,0.0237117
24.672000000,0.021749
24.682666667,0.0200995
24.693333333,0.0222569
24.704000000,0.0238196
24.714666667,0.0251593
24.725333333,0.0229845
24.736000000,0.0196955
24.746666667,0.0224652
24.757333333,0.0246085
24.768000000,0.0239009
24.778666667,0.024961
24.789333333,0.0243629
24.800000000,0.022263
24.810666667,0.0247628
24.821333333,0.024387
24.832000000,0.0221059
24.842666667,0.0210524
24.853333333,0.0213902
24.864000000,0.0218067
24.874666667,0.020308
24.885333333,0.0224902
24.896000000,0.0241096
24.906666667,0.0245333
24.917333333,0.024563
24.928000000,0.0242338
24.938666667,0.0257556
24.949333333,0.0269295
24.960000000,0.0260069
24.970666667,0.0258352
24.981333333,0.0245883
24.992000000,0.0230591
25.002666667,0.0276619
25.013333333,0.0251833
25.024000000,0.020783
25.034666667,0.0256578
25.045333333,0.0265029
25.056000000,0.0279824
25.066666667,0.0278966
25.077333333,0.0309128
25.088000000,0.0351639
25.098666667,0.0309732
25.109333333,0.0324975
25.120000000,0.0361677
25.130666667,0.0334458
25.141333333,0.0287919
25.152000000,0.0278309
25.162666667,0.0368935
25.173333333,0.0375708
25.184000000,0.0338116
25.194666667,0.0356034
25.205333333,0.0320761
25.216000000,0.0371936
25.226666667,0.0425712
25.237333333,0.0379035
25.248000000,0.0351426
25.258666667,0.0422467
25.269333333,0.0460662
25.280000000,0.0348677
25.290666667,0.0408249
25.301333333,0.0540944
25.312000000,0.0441332
25.322666667,0.0344391
25.333333333,0.0432886
25.344000000,0.0546631
25.354666667,0.0521288
25.365333333,0.0408825
25.376000000,0.0409248
25.386666667,0.0356215
25.397333333,0.0347475
25.408000000,0.0539348
25.418666667,0.0534368
25.429333333,0.0411763
25.440000000,0.0420634
25.450666667,0.0513892
25.461333333,0.0519105
25.472000000,0.041961
25.482666667,0.0510263
25.493333333,0.0502719
25.504000000,0.0455933
25.514666667,0.0578916
25.525333333,0.0529059
25.536000000,0.0391622
25.546666667,0.0463608
25.557333333,0.0476268
25.568000000,0.0405777
25.578666667,0.0458102
25.589333333,0.0573777
25.600000000,0.0547727
25.610666667,0.053398
25.621333333,0.0563678
25.632000000,0.0438698
25.642666667,0.0291926
25.653333333,0.0321925
25.664000000,0.0423516
25.674666667,0.0402811
25.685333333,0.0440713
25.696000000,0.0655773
25.706666667,0.0658471
25.717333333,0.0493458
25.728000000,0.0498243
25.738666667,0.0648342
25.749333333,0.0600901
25.760000000,0.0454015
25.770666667,0.0560643
25.781333333,0.0489719
25.792000000,0.02795
25.802666667,0.0405577
25.813333333,0.0382519
25.824000000,0.017568
25.834666667,0.0274581
25.845333333,0.0306391
25.856000000,0.0249391
25.866666667,0.0415199
25.877333333,0.0452508
25.888000000,0.0326828
25.898666667,0.0260346
25.909333333,0.0214061
25.920000000,0.0292531
25.930666667,0.0334584
25.941333333,0.0336267
25.952000000,0.0290154
25.962666667,0.0198528
25.973333333,0.0201832
25.984000000,0.0225117
25.994666667,0.036092
26.005333333,0.0423333
26.016000000,0.0319267
26.026666667,0.0315577
26.037333333,0.0443397
26.048000000,0.0379852
26.058666667,0.0415798
26.069333333,0.0416177
26.080000000,0.0246832
26.090666667,0.0256891
26.101333333,0.0295222
26.112000000,0.0397948
26.122666667,0.050743
26.133333333,0.0472982
26.144000000,0.0364733
26.154666667,0.0319842
26.165333333,0.0340251
26.176000000,0.0376188
26.186666667,0.0384826
26.197333333,0.0339536
26.208000000,0.0266364
26.218666667,0.0429042
26.229333333,0.0496268
26.240000000,0.0438826
26.250666667,0.0550928
26.261333333,0.0645424
26.272000000,0.0568226
26.282666667,0.0558935
26.293333333,0.0472201
26.304000000,0.0251804
26.314666667,0.0446608
26.325333333,0.0556711
26.336000000,0.0472418
26.346666667,0.0427096
26.357333333,0.0485398
26.368000000,0.0424186
26.378666667,0.0317601
26.389333333,0.0322522
26.400000000,0.0331453
26.410666667,0.035907
26.421333333,0.0424511
26.432000000,0.0493618
26.442666667,0.0459471
26.453333333,0.0310768
26.464000000,0.0190131
26.474666667,0.023407
26.485333333,0.0290925
26.496000000,0.0459521
26.506666667,0.0461886
26.517333333,0.0321871
26.528000000,0.0404291
26.538666667,0.0473719
26.549333333,0.04557
26.560000000,0.0358178
26.570666667,0.0296544
26.581333333,0.0371445
26.592000000,0.0356622
26.602666667,0.0321116
26.613333333,0.0481094
26.624000000,0.0561678
26.634666667,0.0491738
26.645333333,0.0406358
26.656000000,0.0299515
26.666666667,0.0275674
26.677333333,0.0367858
26.688000000,0.0364869
26.698666667,0.0293904
26.709333333,0.0317207
26.720000000,0.0491046
26.730666667,0.0511875
26.741333333,0.0356645
26.752000000,0.0326837
26.762666667,0.0390633
26.773333333,0.0448722
26.784000000,0.0505117
26.794666667,0.056948
26.805333333,0.0470894
26.816000000,0.0242011
26.826666667,0.0213484
26.837333333,0.0199543
26.848000000,0.0258293
26.858666667,0.0397356
26.869333333,0.0452505
26.880000000,0.046181
26.890666667,0.0485473
26.901333333,0.0481107
26.912000000,0.0354647
26.922666667,0.0361054
26.933333333,0.0385428
26.944000000,0.0381422
26.954666667,0.0353072
26.965333333,0.0191948
26.976000000,0.0229254
26.986666667,0.036951
26.997333333,0.0377227
27.008000000,0.0253978
27.018666667,0.0346729
27.029333333,0.0361446
27.040000000,0.0456045
27.050666667,0.0447908
27.061333333,0.026347
27.072000000,0.0342254
27.082666667,0.0327696
27.093333333,0.0229008
27.104000000,0.0231124
27.114666667,0.0401207
27.125333333,0.0538906
27.136000000,0.0502859
27.146666667,0.0338274
27.157333333,0.0273744
27.168000000,0.0324054
27.178666667,0.0257227
27.189333333,0.0271089
27.200000000,0.0429463
27.210666667,0.0505047
27.221333333,0.0492119
27.232000000,0.0470686
27.242666667,0.0384562
27.253333333,0.0396285
27.264000000,0.0506928
27.274666667,0.0442922
27.285333333,0.0411117
27.296000000,0.0532864
27.306666667,0.0433475
27.317333333,0.0204883
27.328000000,0.0213223
27.338666667,0.0294131
27.349333333,0.0369009
27.360000000,0.0340021
27.370666667,0.0393807
27.381333333,0.0409949
27.392000000,0.0257515
27.402666667,0.0303785
27.413333333,0.0315796
27.424000000,0.0328269
27.434666667,0.0330643
27.445333333,0.0200291
27.456000000,0.0293224
27.466666667,0.0315146
27.477333333,0.0248178
27.488000000,0.0298215
27.498666667,0.0374702
27.509333333,0.040178
27.520000000,0.03158
27.530666667,0.0219746
27.541333333,0.0300978
27.552000000,0.0313661
27.562666667,0.0351901
27.573333333,0.0327963
27.584000000,0.0222624
27.594666667,0.0246563
27.605333333,0.0347727
27.616000000,0.0498646
27.626666667,0.0581611
27.637333333,0.0516682
27.648000000,0.0372237
27.658666667,0.0309746
27.669333333,0.0257653
27.680000000,0.0246054
27.690666667,0.0411757
27.701333333,0.0423405
27.712000000,0.0297472
27.722666667,0.0423898
27.733333333,0.0532561
27.744000000,0.0550899
27.754666667,0.0498043
27.765333333,0.0338038
27.776000000,0.0401388
27.786666667,0.0496548
27.797333333,0.0472352
27.808000000,0.0541428
27.818666667,0.0530036
27.829333333,0.0347219
27.840000000,0.0209737
27.850666667,0.0224223
27.861333333,0.033962
27.872000000,0.0391802
27.882666667,0.0390368
27.893333333,0.0372046
27.904000000,0.0314192
27.914666667,0.0370407
27.925333333,0.039076
27.936000000,0.0386121
27.946666667,0.0357512
27.957333333,0.0336082
27.968000000,0.034588
27.978666667,0.0288144
27.989333333,0.0272877
28.000000000,0.0255817
28.010666667,0.0218432
28.021333333,0.0224082
28.032000000,0.0219547
28.042666667,0.0197285
28.053333333,0.023492
28.064000000,0.0239798
28.074666667,0.0216087
28.085333333,0.0198279
28.096000000,0.0213884
28.106666667,0.0298385
28.117333333,0.0510623
28.128000000,0.054752
28.138666667,0.0416104
28.149333333,0.0324367
28.160000000,0.0363257
28.170666667,0.0377633
28.181333333,0.0340558
28.192000000,0.0414477
28.202666667,0.0355013
28.213333333,0.0267063
28.224000000,0.0312962
28.234666667,0.0452274
28.245333333,0.0568548
28.256000000,0.05483
28.266666667,0.041505
28.277333333,0.0284697
28.288000000,0.0297279
28.298666667,0.0423153
28.309333333,0.0484995
28.320000000,0.0392442
28.330666667,0.0330096
28.341333333,0.0288733
28.352000000,0.0216667
28.362666667,0.0348058
28.373333333,0.0409063
28.384000000,0.0327271
28.394666667,0.0318437
28.405333333,0.0340605
28.416000000,0.0300124
28.426666667,0.0306555
28.437333333,0.0288984
28.448000000,0.0265548
28.458666667,0.0266876
28.469333333,0.0205188
28.480000000,0.018549
28.490666667,0.0400379
28.501333333,0.0433859
28.512000000,0.0311719
28.522666667,0.0293741
28.533333333,0.0304741
28.544000000,0.0313678
28.554666667,0.0306037
28.565333333,0.0296578
28.576000000,0.025715
28.586666667,0.0210339
28.597333333,0.0234247
28.608000000,0.0285273
28.618666667,0.0499089
28.629333333,0.0560508
28.640000000,0.0383384
28.650666667,0.0267007
28.661333333,0.0300975
28.672000000,0.0341167
28.682666667,0.0300835
28.693333333,0.0317657
28.704000000,0.0434884
28.714666667,0.0437465
28.725333333,0.0332253
28.736000000,0.0304763
28.746666667,0.0318186
28.757333333,0.0363462
28.768000000,0.0423645
28.778666667,0.0437725
28.789333333,0.0372055
28.800000000,0.0269806
28.810666667,0.0368729
28.821333333,0.0388959
28.832000000,0.0281492
28.842666667,0.0269745
28.853333333,0.028129
28.864000000,0.0335071
28.874666667,0.0377597
28.885333333,0.0362042
28.896000000,0.0290297
28.906666667,0.0219983
28.917333333,0.0198547
28.928000000,0.0194923
28.938666667,0.0200826
28.949333333,0.0193971
28.960000000,0.0177576
28.970666667,0.0141327
28.981333333,0.0292324
28.992000000,0.0370185
29.002666667,0.0360048
29.013333333,0.029882
29.024000000,0.0277921
29.034666667,0.0275987
29.045333333,0.0209906
29.056000000,0.0253782
29.066666667,0.0262106
29.077333333,0.0259669
29.088000000,0.0227229
29.098666667,0.0195847
29.109333333,0.0283508
29.120000000,0.0499811
29.130666667,0.0505312
29.141333333,0.0296522
29.152000000,0.0320432
29.162666667,0.0349051
29.173333333,0.0260133
29.184000000,0.0285584
29.194666667,0.0354944
29.205333333,0.0344934
29.216000000,0.0366994
29.226666667,0.0430454
29.237333333,0.0386601
29.248000000,0.0282615
29.258666667,0.0402115
29.269333333,0.0616365
29.280000000,0.0658448
29.290666667,0.0541253
29.301333333,0.0470876
29.312000000,0.0372648
29.322666667,0.0360969
29.333333333,0.0372367
29.344000000,0.042078
29.354666667,0.0456944
29.365333333,0.0422795
29.376000000,0.0577347
29.386666667,0.0588676
29.397333333,0.0423887
29.408000000,0.0392956
29.418666667,0.0479838
29.429333333,0.042595
29.440000000,0.0388285
29.450666667,0.0449481
29.461333333,0.0425425
29.472000000,0.0348921
29.482666667,0.0329375
29.493333333,0.0482224
29.504000000,0.051834
29.514666667,0.0440331
29.525333333,0.0407377
29.536000000,0.0394861
29.546666667,0.0391314
29.557333333,0.0429275
29.568000000,0.0431593
29.578666667,0.054567
29.589333333,0.0656524
29.600000000,0.0627212
29.610666667,0.0597329
29.621333333,0.0671504
29.632000000,0.0594888
29.642666667,0.0532088
29.653333333,0.067513
29.664000000,0.0573045
29.674666667,0.0386931
29.685333333,0.0453059
29.696000000,0.0580475
29.706666667,0.0573204
29.717333333,0.0425524
29.728000000,0.0374434
29.738666667,0.0513741
29.749333333,0.071466
29.760000000,0.0877506
29.770666667,0.0922482
29.781333333,0.0914532
29.792000000,0.0941828
29.802666667,0.0847047
29.813333333,0.0670908
29.824000000,0.0674355
29.834666667,0.0688051
29.845333333,0.066768
29.856000000,0.0626361
29.866666667,0.0736368
29.877333333,0.0977247
29.888000000,0.104466
29.898666667,0.0977139
29.909333333,0.0939263
29.920000000,0.10159
29.930666667,0.0895241
29.941333333,0.054296
29.952000000,0.0675188
29.962666667,0.0851439
29.973333333,0.0902058
29.984000000,0.08264
29.994666667,0.0554318
30.005333333,0.0684148
30.016000000,0.0684607
30.026666667,0.0559034
30.037333333,0.0651324
30.048000000,0.0646987
30.058666667,0.0695751
30.069333333,0.0723445
30.080000000,0.0660235
30.090666667,0.0635123
30.101333333,0.0606973
30.112000000,0.0606927
30.122666667,0.0617423
30.133333333,0.0529149
30.144000000,0.0644857
30.154666667,0.0712468
30.165333333,0.0588038
30.176000000,0.0413851
30.186666667,0.0377279
30.197333333,0.0405871
30.208000000,0.045362
30.218666667,0.0466421
30.229333333,0.0440157
30.240000000,0.0513454
30.250666667,0.0514402
30.261333333,0.0606666
30.272000000,0.0539949
30.282666667,0.0363609
30.293333333,0.041438
30.304000000,0.0395133
30.314666667,0.0466666
30.325333333,0.0441008
30.336000000,0.0324018
30.346666667,0.0353412
30.357333333,0.0375174
30.368000000,0.050198
30.378666667,0.0650226
30.389333333,0.0583037
30.400000000,0.0478378
30.410666667,0.053446
30.421333333,0.05011
30.432000000,0.041669
30.442666667,0.0392682
30.453333333,0.0445727
30.464000000,0.0382176
30.474666667,0.0262584
30.485333333,0.0325563
30.496000000,0.036932
30.506666667,0.0398696
30.517333333,0.0443827
30.528000000,0.0405089
30.538666667,0.0436201
30.549333333,0.0444092
30.560000000,0.0373163
30.570666667,0.0447542
30.581333333,0.0464868
30.592000000,0.0412058
30.602666667,0.0377609
30.613333333,0.0430076
30.624000000,0.0526954
30.634666667,0.0540406
30.645333333,0.0424008
30.656000000,0.0280175
30.666666667,0.0332757
30.677333333,0.0391965
30.688000000,0.0368329
30.698666667,0.0403241
30.709333333,0.0484227
30.720000000,0.0470666
30.730666667,0.0607823
30.741333333,0.0721467
30.752000000,0.0973335
30.762666667,0.105134
30.773333333,0.0883113
30.784000000,0.0744487
30.794666667,0.0554837
30.805333333,0.0451334
30.816000000,0.0361033
30.826666667,0.032831
30.837333333,0.0486642
30.848000000,0.0538612
30.858666667,0.0399391
30.869333333,0.0356698
30.880000000,0.0370258
30.890666667,0.0323378
30.901333333,0.027411
30.912000000,0.0276042
30.922666667,0.0265092
30.933333333,0.0271508
30.944000000,0.0262465
30.954666667,0.0293806
30.965333333,0.034689
30.976000000,0.0305968
30.986666667,0.0335418
30.997333333,0.0361006
31.008000000,0.0345498
31.018666667,0.0396794
31.029333333,0.0354071
31.040000000,0.0342285
31.050666667,0.062203
31.061333333,0.0697874
31.072000000,0.0496252
31.082666667,0.0339956
31.093333333,0.0385365
31.104000000,0.0379887
31.114666667,0.0380207
31.125333333,0.0518897
31.136000000,0.0464236
31.146666667,0.0287335
31.157333333,0.0319001
31.168000000,0.0298452
31.178666667,0.0270332
31.189333333,0.0420168
31.200000000,0.0473014
31.210666667,0.0396371
31.221333333,0.0286681
31.232000000,0.0219493
31.242666667,0.0283116
31.253333333,0.0388497
31.264000000,0.0428219
31.274666667,0.0399572
31.285333333,0.0328249
31.296000000,0.0269395
31.306666667,0.0359756
31.317333333,0.0398767
31.328000000,0.0327686
31.338666667,0.0331293
31.349333333,0.0315913
31.360000000,0.0277629
31.370666667,0.0335631
31.381333333,0.0369424
31.392000000,0.0369106
31.402666667,0.0343628
31.413333333,0.0259397
31.424000000,0.0287293
31.434666667,0.0278568
31.445333333,0.0209246
31.456000000,0.0262602
31.466666667,0.0246744
31.477333333,0.0191097
31.488000000,0.0225612
31.498666667,0.0248619
31.509333333,0.0230427
31.520000000,0.0193493
31.530666667,0.0195731
31.541333333,0.0254689
31.552000000,0.0267055
31.562666667,0.0280392
31.573333333,0.0249666
31.584000000,0.0196829
31.594666667,0.0249908
31.605333333,0.0382122
31.616000000,0.0582847
31.626666667,0.0697455
31.637333333,0.0653835
31.648000000,0.0570569
31.658666667,0.0479278
31.669333333,0.0388129
31.680000000,0.0413774
31.690666667,0.0529833
31.701333333,0.061546
31.712000000,0.0611759
31.722666667,0.0503783
31.733333333,0.0544223
31.744000000,0.0613757
31.754666667,0.0492382
31.765333333,0.0408066
31.776000000,0.0498063
31.786666667,0.0530155
31.797333333,0.0386957
31.808000000,0.0297368
31.818666667,0.0391793
31.829333333,0.0447577
31.840000000,0.0478293
31.850666667,0.0395459
31.861333333,0.0264308
31.872000000,0.0322345
31.882666667,0.0387017
31.893333333,0.0388223
31.904000000,0.0388953
31.914666667,0.0419504
31.925333333,0.0511249
31.936000000,0.0522283
31.946666667,0.037511
31.957333333,0.0296303
31.968000000,0.0242892
31.978666667,0.0131497
31.989333333,0.0229854
32.000000000,0.0369766
32.010666667,0.04506
32.021333333,0.0359935
32.032000000,0.0271654
32.042666667,0.0346077
32.053333333,0.0275408
32.064000000,0.0228809
32.074666667,0.0287752
32.085333333,0.0276022
32.096000000,0.0247745
32.106666667,0.0273889
32.117333333,0.0317459
32.128000000,0.0384645
32.138666667,0.0440682
32.149333333,0.0369742
32.160000000,0.0272717
32.170666667,0.0242462
32.181333333,0.0254795
32.192000000,0.0251398
32.202666667,0.0225802
32.213333333,0.0333579
32.224000000,0.0372536
32.234666667,0.0340431
32.245333333,0.0340088
32.256000000,0.0299709
32.266666667,0.0245709
32.277333333,0.0397568
32.288000000,0.0481016
32.298666667,0.0383755
32.309333333,0.0331188
32.320000000,0.0366509
32.330666667,0.0297283
32.341333333,0.0256204
32.352000000,0.0301273
32.362666667,0.0299287
32.373333333,0.0360284
32.384000000,0.0348567
32.394666667,0.0318387
32.405333333,0.0326971
32.416000000,0.0295938
32.426666667,0.0275524
32.437333333,0.0254677
32.448000000,0.0270244
32.458666667,0.0241778
32.469333333,0.021072
32.480000000,0.019745
32.490666667,0.0224864
32.501333333,0.0341044
32.512000000,0.0395761
32.522666667,0.0358348
32.533333333,0.0374334
32.544000000,0.0342758
32.554666667,0.0346967
32.565333333,0.0366704
32.576000000,0.0253206
32.586666667,0.0295618
32.597333333,0.0290126
32.608000000,0.0282156
32.618666667,0.0376984
32.629333333,0.0494455
32.640000000,0.0472871
32.650666667,0.0347894
32.661333333,0.0343283
32.672000000,0.0299817
32.682666667,0.0298562
32.693333333,0.0371993
32.704000000,0.0374835
32.714666667,0.0281725
32.725333333,0.0236017
32.736000000,0.0335567
32.746666667,0.0445193
32.757333333,0.0451239
32.768000000,0.0334357
32.778666667,0.0237964
32.789333333,0.0288743
32.800000000,0.0416804
32.810666667,0.0417217
32.821333333,0.0343
32.832000000,0.0401702
32.842666667,0.034221
32.853333333,0.0219232
32.864000000,0.0369844
32.874666667,0.0392213
32.885333333,0.0352169
32.896000000,0.0339657
32.906666667,0.0319611
32.917333333,0.0311157
32.928000000,0.0313483
32.938666667,0.0313234
32.949333333,0.0278628
32.960000000,0.0273718
32.970666667,0.0275133
32.981333333,0.0284594
32.992000000,0.0272157
33.002666667,0.0369575
33.013333333,0.0439588
33.024000000,0.0398527
33.034666667,0.0444228
33.045333333,0.0454967
33.056000000,0.0337531
33.066666667,0.0323127
33.077333333,0.0332453
33.088000000,0.0343528
33.098666667,0.0362792
33.109333333,0.0357765
33.120000000,0.0442902
33.130666667,0.0486772
33.141333333,0.0472809
33.152000000,0.0515192
33.162666667,0.0505387
33.173333333,0.0446906
33.184000000,0.0509656
33.194666667,0.0519944
33.205333333,0.0446163
33.216000000,0.048041
33.226666667,0.0562756
33.237333333,0.0589844
33.248000000,0.0558423
33.258666667,0.0552018
33.269333333,0.0543388
33.280000000,0.0501629
33.290666667,0.0508926
33.301333333,0.0587676
33.312000000,0.0667637
33.322666667,0.061349
33.333333333,0.0426868
33.344000000,0.0373843
33.354666667,0.0408558
33.365333333,0.0422039
33.376000000,0.0394495
33.386666667,0.0372613
33.397333333,0.0456713
33.408000000,0.0459258
33.418666667,0.0388764
33.429333333,0.0337359
33.440000000,0.0324661
33.450666667,0.033859
33.461333333,0.0321663
33.472000000,0.0322363
33.482666667,0.0400476
33.493333333,0.0545323
33.504000000,0.0522799
33.514666667,0.0441313
33.525333333,0.0448444
33.536000000,0.0417295
33.546666667,0.0511039
33.557333333,0.0599552
33.568000000,0.0586027
33.578666667,0.0495413
33.589333333,0.0443736
33.600000000,0.0560091
33.610666667,0.0570016
33.621333333,0.0680711
33.632000000,0.0676363
33.642666667,0.0507456
33.653333333,0.0534438
33.664000000,0.0555706
33.674666667,0.0624088
33.685333333,0.062231
33.696000000,0.0528395
33.706666667,0.0567477
33.717333333,0.0646522
33.728000000,0.0593968
33.738666667,0.0470203
33.749333333,0.0405985
33.760000000,0.0427985
33.770666667,0.0382972
33.781333333,0.0289487
33.792000000,0.0293333
33.802666667,0.0311096
33.813333333,0.0345188
33.824000000,0.0420559
33.834666667,0.0417774
33.845333333,0.0389031
33.856000000,0.0366323
33.866666667,0.0283542
33.877333333,0.0279849
33.888000000,0.0284714
33.898666667,0.0239461
33.909333333,0.0255275
33.920000000,0.0296168
33.930666667,0.0321341
33.941333333,0.0277199
33.952000000,0.0257927
33.962666667,0.0285473
33.973333333,0.0279723
33.984000000,0.0248379
33.994666667,0.0289837
34.005333333,0.0321278
34.016000000,0.0313
34.026666667,0.0294113
34.037333333,0.0328586
34.048000000,0.0362253
34.058666667,0.0285634
34.069333333,0.0224696
34.080000000,0.0265038
34.090666667,0.0293515
34.101333333,0.0243154
34.112000000,0.0208813
34.122666667,0.0304741
34.133333333,0.0351175
34.144000000,0.0294568
34.154666667,0.0284613
34.165333333,0.0328004
34.176000000,0.0313163
34.186666667,0.0253273
34.197333333,0.0206946
34.208000000,0.0185562
34.218666667,0.015517
34.229333333,0.0144608
34.240000000,0.026072
34.250666667,0.0306945
34.261333333,0.027782
34.272000000,0.0300342
34.282666667,0.027407
34.293333333,0.0242281
34.304000000,0.0248772
34.314666667,0.0258019
34.325333333,0.0244779
34.336000000,0.0203094
34.346666667,0.016908
34.357333333,0.0124967
34.368000000,0.0172785
34.378666667,0.0206802
34.389333333,0.0192891
34.400000000,0.0203125
34.410666667,0.0186432
34.421333333,0.0184906
34.432000000,0.0178233
34.442666667,0.0140026
34.453333333,0.0144834
34.464000000,0.0112187
34.474666667,0.00590619
34.485333333,0.0130603
34.496000000,0.0239833
34.506666667,0.0258996
34.517333333,0.0207298
34.528000000,0.0243035
34.538666667,0.0262131
34.549333333,0.021362
34.560000000,0.0216757
34.570666667,0.022294
34.581333333,0.0231181
34.592000000,0.0246742
34.602666667,0.0229404
34.613333333,0.0483802
34.624000000,0.0785226
34.634666667,0.0844185
34.645333333,0.084871
34.656000000,0.0980693
34.666666667,0.0793597
34.677333333,0.0468573
34.688000000,0.0524635
34.698666667,0.0483882
34.709333333,0.0694231
34.720000000,0.0676002
34.730666667,0.0354553
34.741333333,0.034216
34.752000000,0.0391624
34.762666667,0.0358303
34.773333333,0.0358199
34.784000000,0.037468
34.794666667,0.0295512
34.805333333,0.0348918
34.816000000,0.0429852
34.826666667,0.038124
34.837333333,0.0361756
34.848000000,0.0425353
34.858666667,0.0409761
34.869333333,0.0469767
34.880000000,0.0551314
34.890666667,0.050191
34.901333333,0.0388974
34.912000000,0.0293591
34.922666667,0.0278005
34.933333333,0.032505
34.944000000,0.032593
34.954666667,0.0307447
34.965333333,0.0266996
34.976000000,0.0210553
34.986666667,0.0193186
34.997333333,0.0213391
35.008000000,0.0228526
35.018666667,0.024102
35.029333333,0.0229482
35.040000000,0.0195188
35.050666667,0.024118
35.061333333,0.024879
35.072000000,0.022142
35.082666667,0.0244231
35.093333333,0.0262804
35.104000000,0.0287611
35.114666667,0.0396899
35.125333333,0.0407133
35.136000000,0.0403079
35.146666667,0.035413
35.157333333,0.0212352
35.168000000,0.0286719
35.178666667,0.0312041
35.189333333,0.027518
35.200000000,0.0216523
35.210666667,0.018984
35.221333333,0.0214211
35.232000000,0.0287794
35.242666667,0.0302062
35.253333333,0.0270344
35.264000000,0.0232857
35.274666667,0.0173716
35.285333333,0.0256753
35.296000000,0.0349949
35.306666667,0.0360194
35.317333333,0.030057
35.328000000,0.0234206
35.338666667,0.0166686
35.349333333,0.0122339
35.360000000,0.0140913
35.370666667,0.0243043
35.381333333,0.0320988
35.392000000,0.0322172
35.402666667,0.0299544
35.413333333,0.0300322
35.424000000,0.0284108
35.434666667,0.0238754
35.445333333,0.025798
35.456000000,0.0264557
35.466666667,0.0227025
35.477333333,0.0183509
35.488000000,0.0179893
35.498666667,0.02616
35.509333333,0.0340667
35.520000000,0.032982
35.530666667,0.0260896
35.541333333,0.029132
35.552000000,0.0295536
35.562666667,0.0272053
35.573333333,0.0262492
35.584000000,0.0230072
35.594666667,0.0244927
35.605333333,0.0295584
35.616000000,0.032782
35.626666667,0.0388133
35.637333333,0.0455489
35.648000000,0.0447102
35.658666667,0.0424132
35.669333333,0.0453445
35.680000000,0.0401093
35.690666667,0.0321493
35.701333333,0.0335326
35.712000000,0.0299782
35.722666667,0.0303451
35.733333333,0.0339919
35.744000000,0.0313677
35.754666667,0.0231537
35.765333333,0.0198934
35.776000000,0.0259914
35.786666667,0.0336887
35.797333333,0.0343666
35.808000000,0.0276826
35.818666667,0.0278936
35.829333333,0.0227334
35.840000000,0.0122441
35.850666667,0.0126761
35.861333333,0.0135459
35.872000000,0.0222451
35.882666667,0.0303669
35.893333333,0.027083
35.904000000,0.0204145
35.914666667,0.0221748
35.925333333,0.0272837
35.936000000,0.0252861
35.946666667,0.0162308
35.957333333,0.0152871
35.968000000,0.0158059
35.978666667,0.0183254
35.989333333,0.0228326
36.000000000,0.0257702
36.010666667,0.024962
36.021333333,0.0253945
36.032000000,0.0235723
36.042666667,0.021104
36.053333333,0.0204861
36.064000000,0.0178631
36.074666667,0.0207914
36.085333333,0.0225546
36.096000000,0.0226164
36.106666667,0.0309131
36.117333333,0.0439433
36.128000000,0.0544182
36.138666667,0.0524573
36.149333333,0.0377058
36.160000000,0.0248208
36.170666667,0.0200064
36.181333333,0.0225182
36.192000000,0.0252545
36.202666667,0.0281932
36.213333333,0.0306123
36.224000000,0.0269445
36.234666667,0.0233742
36.245333333,0.0299548
36.256000000,0.0381918
36.266666667,0.0444106
36.277333333,0.0411993
36.288000000,0.0343289
36.298666667,0.0318622
36.309333333,0.0255709
36.320000000,0.0247916
36.330666667,0.0282223
36.341333333,0.0336004
36.352000000,0.0345685
36.362666667,0.0311693
36.373333333,0.0400817
36.384000000,0.0391324
36.394666667,0.031155
36.405333333,0.0323879
36.416000000,0.0346637
36.426666667,0.036077
36.437333333,0.0313721
36.448000000,0.0361634
36.458666667,0.0388653
36.469333333,0.0324198
36.480000000,0.0288093
36.490666667,0.0261788
36.501333333,0.0276558
36.512000000,0.04154
36.522666667,0.0387199
36.533333333,0.035457
36.544000000,0.0402014
36.554666667,0.0359833
36.565333333,0.0375578
36.576000000,0.0410891
36.586666667,0.0430159
36.597333333,0.0432249
36.608000000,0.0409227
36.618666667,0.040128
36.629333333,0.0399838
36.640000000,0.0379624
36.650666667,0.0378166
36.661333333,0.0322086
36.672000000,0.0256452
36.682666667,0.0288473
36.693333333,0.0345589
36.704000000,0.0304624
36.714666667,0.0254883
36.725333333,0.027931
36.736000000,0.0263877
36.746666667,0.0289972
36.757333333,0.0261193
36.768000000,0.0189183
36.778666667,0.0230422
36.789333333,0.0249317
36.800000000,0.0217797
36.810666667,0.0164165
36.821333333,0.0164368
36.832000000,0.0182978
36.842666667,0.0172838
36.853333333,0.0149408
36.864000000,0.0198252
36.874666667,0.0256539
36.885333333,0.0269798
36.896000000,0.0294198
36.906666667,0.0342828
36.917333333,0.0279823
36.928000000,0.020143
36.938666667,0.0221409
36.949333333,0.0241094
36.960000000,0.0260916
36.970666667,0.0228746
36.981333333,0.018401
36.992000000,0.0153741
37.002666667,0.0210835
37.013333333,0.0204803
37.024000000,0.0188216
37.034666667,0.0260599
37.045333333,0.0298563
37.056000000,0.02415
37.066666667,0.0190471
37.077333333,0.0186415
37.088000000,0.0152221
37.098666667,0.0134553
37.109333333,0.0148066
37.120000000,0.0150252
37.130666667,0.0111373
37.141333333,0.00949479
37.152000000,0.0162973
37.162666667,0.024557
37.173333333,0.0212638
37.184000000,0.016217
37.194666667,0.0216006
37.205333333,0.0183826
37.216000000,0.00950293
37.226666667,0.014763
37.237333333,0.0205899
37.248000000,0.0170149
37.258666667,0.0101801
37.269333333,0.0136797
37.280000000,0.0162107
37.290666667,0.0151063
37.301333333,0.0121483
37.312000000,0.0187089
37.322666667,0.0218122
37.333333333,0.0147016
37.344000000,0.00979121
37.354666667,0.0119708
37.365333333,0.0117402
37.376000000,0.00794425
37.386666667,0.0104522
37.397333333,0.0185821
37.408000000,0.020611
37.418666667,0.014796
37.429333333,0.00856308
37.440000000,0.00870007
37.450666667,0.0101207
37.461333333,0.00966331
37.472000000,0.0101015
37.482666667,0.00960621
37.493333333,0.00708258
37.504000000,0.00605691
37.514666667,0.00540209
37.525333333,0.00553552
37.536000000,0.00618567
37.546666667,0.00862398
37.557333333,0.0158702
37.568000000,0.0153073
37.578666667,0.00748966
37.589333333,0.0108944
37.600000000,0.0115064
37.610666667,0.00946974
37.621333333,0.00945732
37.632000000,0.00730361
37.642666667,0.00789993
37.653333333,0.00781582
37.664000000,0.0066889
37.674666667,0.00662059
37.685333333,0.00486906
37.696000000,0.00569655
37.706666667,0.0063106
37.717333333,0.00621188
37.728000000,0.00660604
37.738666667,0.00624591
37.749333333,0.00551014
37.760000000,0.00589531
37.770666667,0.0056875
37.781333333,0.00740377
37.792000000,0.00826261
37.802666667,0.00582075
37.813333333,0.00421992
37.824000000,0.00525827
37.834666667,0.00521697
37.845333333,0.00457444
37.856000000,0.0045666
37.866666667,0.00496655
37.877333333,0.00574309
37.888000000,0.00525638
37.898666667,0.00517268
37.909333333,0.00608396
37.920000000,0.00570841
37.930666667,0.00457191
37.941333333,0.00521749
37.952000000,0.00540664
37.962666667,0.00481414
37.973333333,0.00738512
37.984000000,0.00779525
37.994666667,0.00543453
38.005333333,0.00466809
38.016000000,0.00590151
38.026666667,0.00562089
38.037333333,0.00545865
38.048000000,0.00718738
38.058666667,0.00721442
38.069333333,0.00533972
38.080000000,0.00519023
38.090666667,0.00642739
38.101333333,0.00611502
38.112000000,0.00857878
38.122666667,0.00959265
38.133333333,0.00810269
38.144000000,0.00806487
38.154666667,0.00870831
38.165333333,0.00750194
38.176000000,0.00932383
38.186666667,0.0106644
38.197333333,0.00877675
38.208000000,0.00669546
38.218666667,0.00684722
38.229333333,0.00966243
38.240000000,0.00973112
38.250666667,0.00921001
38.261333333,0.0101257
38.272000000,0.0103354
38.282666667,0.0078245
38.293333333,0.00499572
38.304000000,0.0067672
38.314666667,0.00766849
38.325333333,0.00674195
38.336000000,0.00697232
38.346666667,0.00872515
38.357333333,0.00816722
38.368000000,0.00537349
38.378666667,0.00542835
38.389333333,0.00644905
38.400000000,0.00662946
38.410666667,0.00580611
38.421333333,0.00485974
38.432000000,0.00671077
38.442666667,0.00673748
38.453333333,0.00581297
38.464000000,0.00549211
38.474666667,0.0047213
38.485333333,0.00598669
38.496000000,0.0061981
38.506666667,0.00498751
38.517333333,0.00472163
38.528000000,0.00448124
38.538666667,0.00503214
38.549333333,0.00469955
38.560000000,0.00418615
38.570666667,0.00455018
38.581333333,0.00454339
38.592000000,0.00423474
38.602666667,0.00391788
38.613333333,0.00520909
38.624000000,0.00481565
38.634666667,0.00462954
38.645333333,0.00446897
38.656000000,0.00245988
38.666666667,0.00376656
38.677333333,0.00375556
38.688000000,0.00229763
38.698666667,0.00220664
38.709333333,0.00201141
38.720000000,0.0019592
38.730666667,0.0020463
38.741333333,0.00191556
38.752000000,0.00256926
38.762666667,0.00250212
38.773333333,0.00200378
38.784000000,0.00223739
38.794666667,0.00173709
38.805333333,0.0013008
38.816000000,0.00166702
38.826666667,0.00185874
38.837333333,0.00230239
38.848000000,0.00230477
38.858666667,0.00201625
38.869333333,0.00191858
38.880000000,0.00148247
38.890666667,0.00112662
38.901333333,0.000890092
38.912000000,0.000942982
38.922666667,0.00106024
38.933333333,0.00103615
38.944000000,0.00140377
38.954666667,0.00175946
38.965333333,0.00175455
38.976000000,0.00135715
38.986666667,0.000941761
38.997333333,0.00130242
39.008000000,0.0012463
39.018666667,0.001048
39.029333333,0.00279259
39.040000000,0.00529562
39.050666667,0.00607905
39.061333333,0.00558081
39.072000000,0.00521705
39.082666667,0.00477307
39.093333333,0.00431894
39.104000000,0.00324309
39.114666667,0.00234672
39.125333333,0.00272616
39.136000000,0.00265348
39.146666667,0.00256937
39.157333333,0.00432966
39.168000000,0.00681613
39.178666667,0.012813
39.189333333,0.0167596
39.200000000,0.0161907
39.210666667,0.0151037
39.221333333,0.0125579
39.232000000,0.010844
39.242666667,0.0114157
39.253333333,0.00962516
39.264000000,0.0070837
39.274666667,0.00424948
39.285333333,0.00455666
39.296000000,0.00469216
39.306666667,0.00291908
39.317333333,0.00205849
39.328000000,0.0017123
39.338666667,0.00180259
39.349333333,0.0029514
39.360000000,0.0041967
39.370666667,0.0109921
39.381333333,0.0139741
39.392000000,0.013851
39.402666667,0.0139658
39.413333333,0.0133509
39.424000000,0.0129384
39.434666667,0.0110293
39.445333333,0.0111536
39.456000000,0.0119916
39.466666667,0.0117306
39.477333333,0.0109636
39.488000000,0.0107717
39.498666667,0.00976722
39.509333333,0.00714616
39.520000000,0.00640288
39.530666667,0.00547708
39.541333333,0.00517231
39.552000000,0.0052761
39.562666667,0.00682118
39.573333333,0.00805526
39.584000000,0.00878861
39.594666667,0.0102306
39.605333333,0.0101672
39.616000000,0.00782923
39.626666667,0.00559638
39.637333333,0.00434355
39.648000000,0.00375331
39.658666667,0.00373771
39.669333333,0.00346076
39.680000000,0.00361695
39.690666667,0.00352853
39.701333333,0.00288019
39.712000000,0.0024846
39.722666667,0.00214541
39.733333333,0.00216961
39.744000000,0.00229003
39.754666667,0.00544768
39.765333333,0.0128511
39.776000000,0.0159002
39.786666667,0.0131297
39.797333333,0.0114769
39.808000000,0.0118123
39.818666667,0.0118713
39.829333333,0.0131298
39.840000000,0.0129411
39.850666667,0.0123658
39.861333333,0.0123235
39.872000000,0.0105651
39.882666667,0.00827628
39.893333333,0.0061913
39.904000000,0.00450128
39.914666667,0.00369076
39.925333333,0.00331228
39.936000000,0.00326989
39.946666667,0.00314077
39.957333333,0.00319653
39.968000000,0.00310869
39.978666667,0.003096
39.989333333,0.00327631
40.000000000,0.00340965
40.010666667,0.00352084
40.021333333,0.00427623
40.032000000,0.00894526
40.042666667,0.0125563
40.053333333,0.0138078
40.064000000,0.0131188
40.074666667,0.0118426
40.085333333,0.0129913
40.096000000,0.0129052
40.106666667,0.0112415
40.117333333,0.0128798
40.128000000,0.015274
40.138666667,0.0141271
40.149333333,0.0107963
40.160000000,0.00962398
40.170666667,0.0102359
40.181333333,0.010177
40.192000000,0.00896121
40.202666667,0.00818493
40.213333333,0.00614054
40.224000000,0.00466127
40.234666667,0.00451109
40.245333333,0.00258398
40.256000000,0.00257467
40.266666667,0.0024775
40.277333333,0.00236319
40.288000000,0.00160504
40.298666667,0.00278792
40.309333333,0.00553888
40.320000000,0.00600092
40.330666667,0.00396901
40.341333333,0.00263884
40.352000000,0.00263321
40.362666667,0.0021318
40.373333333,0.00145357
40.384000000,0.00138352
40.394666667,0.00136485
40.405333333,0.00125412
40.416000000,0.00109122
40.426666667,0.00103615
40.437333333,0.000884972
40.448000000,0.000935962
40.458666667,0.000913298
40.469333333,0.000897098
40.480000000,0.00099386
40.490666667,0.00103029
40.501333333,0.000852142
40.512000000,0.000641345
40.522666667,0.00077652
40.533333333,0.000894517
40.544000000,0.00108955
40.554666667,0.00115475
40.565333333,0.00111643
40.576000000,0.0010535
40.586666667,0.0010401
40.597333333,0.00102259
40.608000000,0.000994136
40.618666667,0.00120313
40.629333333,0.00113171
40.640000000,0.000795593
40.650666667,0.000933273
40.661333333,0.00114894
40.672000000,0.00107629
40.682666667,0.000889784
40.693333333,0.000916604
40.704000000,0.00103357
40.714666667,0.00117551
40.725333333,0.00121279
40.736000000,0.00121003
40.746666667,0.00149297
40.757333333,0.00137955
40.768000000,0.000940289
40.778666667,0.00090073
40.789333333,0.00133982
40.800000000,0.00228446
40.810666667,0.00424687
40.821333333,0.00818085
40.832000000,0.014225
40.842666667,0.016899
40.853333333,0.0157231
40.864000000,0.0133381
40.874666667,0.0136455
40.885333333,0.0136512
40.896000000,0.0106438
40.906666667,0.010725
40.917333333,0.0126092
40.928000000,0.0107358
40.938666667,0.00907462
40.949333333,0.0114673
40.960000000,0.0106365
40.970666667,0.0116331
40.981333333,0.0136618
40.992000000,0.0133671
41.002666667,0.0142221
41.013333333,0.0147998
41.024000000,0.0138287
41.034666667,0.0132608
41.045333333,0.0128621
41.056000000,0.013272
41.066666667,0.0152506
41.077333333,0.0149434
41.088000000,0.0132336
41.098666667,0.0119777
41.109333333,0.0105605
41.120000000,0.0100258
41.130666667,0.0118288
41.141333333,0.0144221
41.152000000,0.0169529
41.162666667,0.0185147
41.173333333,0.0184907
41.184000000,0.0195658
41.194666667,0.0202084
41.205333333,0.0198742
41.216000000,0.0195808
41.226666667,0.0195132
41.237333333,0.0171738
41.248000000,0.0141034
41.258666667,0.0144003
41.269333333,0.0121019
41.280000000,0.00679255
41.290666667,0.00382688
41.301333333,0.00306989
41.312000000,0.00133034
41.322666667,0.00152916
41.333333333,0.00155929
41.344000000,0.00132785
41.354666667,0.00129705
41.365333333,0.00598139
41.376000000,0.0076388
41.386666667,0.0104873
41.397333333,0.017576
41.408000000,0.0210369
41.418666667,0.0193638
41.429333333,0.0156343
41.440000000,0.0138412
41.450666667,0.0152809
41.461333333,0.0156054
41.472000000,0.0145096
41.482666667,0.0142939
41.493333333,0.0132501
41.504000000,0.0126647
41.514666667,0.0125039
41.525333333,0.0123187
41.536000000,0.0145058
41.546666667,0.015216
41.557333333,0.0150486
41.568000000,0.01599
41.578666667,0.0152164
41.589333333,0.0155824
41.600000000,0.017561
41.610666667,0.0180625
41.621333333,0.0165749
41.632000000,0.0120508
41.642666667,0.00634197
41.653333333,0.00282951
41.664000000,0.00277314
41.674666667,0.00243222
41.685333333,0.00255434
41.696000000,0.00279854
41.706666667,0.00233854
41.717333333,0.00293439
41.728000000,0.00351987
41.738666667,0.00498373
41.749333333,0.0053518
41.760000000,0.0038199
41.770666667,0.00328427
41.781333333,0.00372467
41.792000000,0.00345312
41.802666667,0.00259319
41.813333333,0.00358729
41.824000000,0.0057168
41.834666667,0.00657897
41.845333333,0.0063401
41.856000000,0.0064031
41.866666667,0.00529609
41.877333333,0.00416413
41.888000000,0.00413666
41.898666667,0.00497944
41.909333333,0.00593741
41.920000000,0.0050267
41.930666667,0.00473266
41.941333333,0.00486409
41.952000000,0.00418033
41.962666667,0.00467922
41.973333333,0.00618845
41.984000000,0.00714366
41.994666667,0.0057681
42.005333333,0.00412164
42.016000000,0.00584046
42.026666667,0.00622421
42.037333333,0.00476814
42.048000000,0.00674003
42.058666667,0.00832668
42.069333333,0.00744715
42.080000000,0.00801865
42.090666667,0.00831752
42.101333333,0.00870594
42.112000000,0.00878665
42.122666667,0.00929867
42.133333333,0.0101572
42.144000000,0.00946893
42.154666667,0.00865273
42.165333333,0.00955571
42.176000000,0.0107259
42.186666667,0.00922058
42.197333333,0.00702766
42.208000000,0.0068674
42.218666667,0.00712424
42.229333333,0.00654327
42.240000000,0.00705787
42.250666667,0.00972402
42.261333333,0.0123955
42.272000000,0.0113514
42.282666667,0.0102134
42.293333333,0.0101271
42.304000000,0.00803643
42.314666667,0.00684045
42.325333333,0.00933452
42.336000000,0.0114279
42.346666667,0.0104204
42.357333333,0.0130103
42.368000000,0.0149952
42.378666667,0.0142515
42.389333333,0.0137573
42.400000000,0.0147946
42.410666667,0.0208321
42.421333333,0.0227103
42.432000000,0.0188734
42.442666667,0.019636
42.453333333,0.0233686
42.464000000,0.0236636
42.474666667,0.0230046
42.485333333,0.0261584
42.496000000,0.025785
42.506666667,0.0318578
42.517333333,0.0348775
42.528000000,0.0343367
42.538666667,0.0417898
42.549333333,0.0411277
42.560000000,0.0407761
42.570666667,0.0386493
42.581333333,0.0497914
42.592000000,0.0755321
42.602666667,0.0657018
42.613333333,0.0499921
42.624000000,0.056679
42.634666667,0.04104
42.645333333,0.0290995
42.656000000,0.0311885
42.666666667,0.0347408
42.677333333,0.0492376
42.688000000,0.0588719
42.698666667,0.0544142
42.709333333,0.0448469
42.720000000,0.0437485
42.730666667,0.0448251
42.741333333,0.0389051
42.752000000,0.032202
42.762666667,0.0381617
42.773333333,0.0489121
42.784000000,0.0531518
42.794666667,0.0464564
42.805333333,0.0355548
42.816000000,0.0331344
42.826666667,0.0507257
42.837333333,0.0681089
42.848000000,0.058986
42.858666667,0.0663055
42.869333333,0.0696772
42.880000000,0.0465398
42.890666667,0.0585066
42.901333333,0.0640984
42.912000000,0.0472927
42.922666667,0.0569798
42.933333333,0.0596161
42.944000000,0.0619097
42.954666667,0.0611135
42.965333333,0.0373602
42.976000000,0.0387692
42.986666667,0.0402319
42.997333333,0.0360335
43.008000000,0.03835
43.018666667,0.0284267
43.029333333,0.0501473
43.040000000,0.0543787
43.050666667,0.0368558
43.061333333,0.0346385
43.072000000,0.0300583
43.082666667,0.0498132
43.093333333,0.0596866
43.104000000,0.049793
43.114666667,0.0324879
43.125333333,0.028514
43.136000000,0.0337054
43.146666667,0.0307082
43.157333333,0.0266956
43.168000000,0.0320577
43.178666667,0.0365443
43.189333333,0.031126
43.200000000,0.0274714
43.210666667,0.0313658
43.221333333,0.0331347
43.232000000,0.0347544
43.242666667,0.036824
43.253333333,0.0371754
43.264000000,0.0384934
43.274666667,0.040629
43.285333333,0.0409033
43.296000000,0.0413091
43.306666667,0.0458102
43.317333333,0.0413864
43.328000000,0.0396863
43.338666667,0.0406066
43.349333333,0.043832
43.360000000,0.0431567
43.370666667,0.0295654
43.381333333,0.0431676
43.392000000,0.0413913
43.402666667,0.031043
43.413333333,0.0387777
43.424000000,0.0343536
43.434666667,0.0327972
43.445333333,0.0317724
43.456000000,0.0349342
43.466666667,0.0386316
43.477333333,0.028303
43.488000000,0.0281128
43.498666667,0.0366708
43.509333333,0.0351457
43.520000000,0.0370618
43.530666667,0.0351236
43.541333333,0.033774
43.552000000,0.0342938
43.562666667,0.0263566
43.573333333,0.0288339
43.584000000,0.039375
43.594666667,0.0456011
43.605333333,0.0371816
43.616000000,0.0180964
43.626666667,0.0134756
43.637333333,0.0178634
43.648000000,0.0193671
43.658666667,0.0192767
43.669333333,0.0224349
43.680000000,0.0237809
43.690666667,0.0280989
43.701333333,0.0277362
43.712000000,0.0254724
43.722666667,0.0273172
43.733333333,0.0282033
43.744000000,0.0325106
43.754666667,0.0336721
43.765333333,0.0327919
43.776000000,0.0266726
43.786666667,0.0267114
43.797333333,0.0395255
43.808000000,0.0353888
43.818666667,0.0264487
43.829333333,0.0386897
43.840000000,0.0360348
43.850666667,0.0326652
43.861333333,0.0349198
43.872000000,0.0333923
43.882666667,0.0327891
43.893333333,0.0284279
43.904000000,0.0354378
43.914666667,0.0312469
43.925333333,0.0190568
43.936000000,0.0274315
43.946666667,0.0283569
43.957333333,0.0297207
43.968000000,0.0287947
43.978666667,0.0242768
43.989333333,0.0352399
44.000000000,0.0326652
44.010666667,0.023988
44.021333333,0.0256256
44.032000000,0.0282685
44.042666667,0.0286225
44.053333333,0.0236713
44.064000000,0.0210383
44.074666667,0.0258067
44.085333333,0.0398346
44.096000000,0.0512345
44.106666667,0.0607811
44.117333333,0.0578282
44.128000000,0.0462031
44.138666667,0.0512811
44.149333333,0.0627682
44.160000000,0.0608403
44.170666667,0.0432818
44.181333333,0.0316103
44.192000000,0.0379942
44.202666667,0.041451
44.213333333,0.0393548
44.224000000,0.04984
44.234666667,0.0538465
44.245333333,0.0420419
44.256000000,0.0492795
44.266666667,0.0549029
44.277333333,0.0462192
44.288000000,0.0455734
44.298666667,0.0416286
44.309333333,0.0445353
44.320000000,0.0538634
44.330666667,0.0578696
44.341333333,0.0601388
44.352000000,0.048439
44.362666667,0.0612537
44.373333333,0.0675723
44.384000000,0.0584636
44.394666667,0.0633213
44.405333333,0.0555636
44.416000000,0.0474739
44.426666667,0.0392185
44.437333333,0.027786
44.448000000,0.0357204
44.458666667,0.0393558
44.469333333,0.051506
44.480000000,0.0521575
44.490666667,0.0401178
44.501333333,0.0608738
44.512000000,0.0688511
44.522666667,0.0642673
44.533333333,0.0580906
44.544000000,0.0407356
44.554666667,0.0519167
44.565333333,0.060433
44.576000000,0.0546758
44.586666667,0.0602061
44.597333333,0.0543282
44.608000000,0.037473
44.618666667,0.0352757
44.629333333,0.0313368
44.640000000,0.0257824
44.650666667,0.0320567
44.661333333,0.0417317
44.672000000,0.0443712
44.682666667,0.0405287
44.693333333,0.0440207
44.704000000,0.0429059
44.714666667,0.0427406
44.725333333,0.0485485
44.736000000,0.0411713
44.746666667,0.0341013
44.757333333,0.0369047
44.768000000,0.0377271
44.778666667,0.0411658
44.789333333,0.0437262
44.800000000,0.0573134
44.810666667,0.0600877
44.821333333,0.0392668
44.832000000,0.0337932
44.842666667,0.0576253
44.853333333,0.0616902
44.864000000,0.0412542
44.874666667,0.0387001
44.885333333,0.0603172
44.896000000,0.0588919
44.906666667,0.0560298
44.917333333,0.0511131
44.928000000,0.0595112
44.938666667,0.0685734
44.949333333,0.0542067
44.960000000,0.0518595
44.970666667,0.0525339
44.981333333,0.0541388
44.992000000,0.056755
45.002666667,0.0513157
45.013333333,0.0382188
45.024000000,0.0439085
45.034666667,0.0563164
45.045333333,0.0512536
45.056000000,0.0360044
45.066666667,0.0269625
45.077333333,0.0338273
45.088000000,0.0477587
45.098666667,0.0643206
45.109333333,0.0757574
45.120000000,0.0587768
45.130666667,0.0347585
45.141333333,0.0382279
45.152000000,0.0380123
45.162666667,0.0519633
45.173333333,0.0574436
45.184000000,0.0472942
45.194666667,0.0432164
45.205333333,0.040104
45.216000000,0.0400338
45.226666667,0.0398241
45.237333333,0.0285258
45.248000000,0.0244512
45.258666667,0.0302916
45.269333333,0.0490579
45.280000000,0.0607791
45.290666667,0.0608968
45.301333333,0.0657166
45.312000000,0.0702882
45.322666667,0.0557643
45.333333333,0.0406131
45.344000000,0.0571753
45.354666667,0.0633785
45.365333333,0.0583548
45.376000000,0.0488155
45.386666667,0.041141
45.397333333,0.0461135
45.408000000,0.0549884
45.418666667,0.0694845
45.429333333,0.0680976
45.440000000,0.0493059
45.450666667,0.0491177
45.461333333,0.0449079
45.472000000,0.0532446
45.482666667,0.0568073
45.493333333,0.0366714
45.504000000,0.0540987
45.514666667,0.0602985
45.525333333,0.0525717
45.536000000,0.0549611
45.546666667,0.05378
45.557333333,0.0441993
45.568000000,0.0360932
45.578666667,0.0447002
45.589333333,0.0474259
45.600000000,0.0397124
45.610666667,0.0440747
45.621333333,0.0515058
45.632000000,0.0452329
45.642666667,0.0526496
45.653333333,0.0549053
45.664000000,0.0350121
45.674666667,0.0423991
45.685333333,0.0512123
45.696000000,0.0474051
45.706666667,0.0472639
45.717333333,0.0460302
45.728000000,0.0363113
45.738666667,0.0282894
45.749333333,0.038919
45.760000000,0.0484514
45.770666667,0.0412821
45.781333333,0.0342163
45.792000000,0.0469238
45.802666667,0.0453875
45.813333333,0.0487605
45.824000000,0.0479813
45.834666667,0.0351531
45.845333333,0.037151
45.856000000,0.0453521
45.866666667,0.0516626
45.877333333,0.0472047
45.888000000,0.0430432
45.898666667,0.0373404
45.909333333,0.0290859
45.920000000,0.0298332
45.930666667,0.0275034
45.941333333,0.029738
45.952000000,0.0289199
45.962666667,0.0258067
45.973333333,0.0301961
45.984000000,0.0263349
45.994666667,0.0195291
46.005333333,0.0257277
46.016000000,0.0261753
46.026666667,0.0210585
46.037333333,0.0220968
46.048000000,0.0278783
46.058666667,0.025606
46.069333333,0.0173753
46.080000000,0.0163103
46.090666667,0.0204505
46.101333333,0.0199692
46.112000000,0.0174254
46.122666667,0.0181293
46.133333333,0.0152864
46.144000000,0.0133062
46.154666667,0.0095926
46.165333333,0.0132118
46.176000000,0.0169234
46.186666667,0.0251371
46.197333333,0.0327235
46.208000000,0.0400678
46.218666667,0.0401458
46.229333333,0.036909
46.240000000,0.033877
46.250666667,0.028985
46.261333333,0.030751
46.272000000,0.0291273
46.282666667,0.0308235
46.293333333,0.0336689
46.304000000,0.0345544
46.314666667,0.0371585
46.325333333,0.033275
46.336000000,0.0286235
46.346666667,0.0263738
46.357333333,0.0188177
46.368000000,0.0115483
46.378666667,0.00855735
46.389333333,0.00747349
46.400000000,0.00690086
46.410666667,0.00650732
46.421333333,0.00604623
46.432000000,0.0138666
46.442666667,0.0296884
46.453333333,0.0366844
46.464000000,0.0360687
46.474666667,0.0351845
46.485333333,0.0362106
46.496000000,0.0372788
46.506666667,0.0364254
46.517333333,0.0361152
46.528000000,0.0353731
46.538666667,0.0347176
46.549333333,0.0333896
46.560000000,0.0323023
46.570666667,0.0340502
46.581333333,0.0354106
46.592000000,0.0353205
46.602666667,0.0321399
46.613333333,0.0307766
46.624000000,0.029135
46.634666667,0.0241355
46.645333333,0.0235636
46.656000000,0.0208825
46.666666667,0.0176894
46.677333333,0.0152535
46.688000000,0.0120993
46.698666667,0.0101088
46.709333333,0.00922181
46.720000000,0.00892238
46.730666667,0.00872415
46.741333333,0.00815778
46.752000000,0.00766264
46.762666667,0.00712319
46.773333333,0.00664392
46.784000000,0.00873992
46.794666667,0.00910079
46.805333333,0.00804448
46.816000000,0.00976754
46.826666667,0.00957772
46.837333333,0.00895588
46.848000000,0.00928343
46.858666667,0.0106606
46.869333333,0.0115817
46.880000000,0.012489
46.890666667,0.0121982
46.901333333,0.0109508
46.912000000,0.0245049
46.922666667,0.0376067
46.933333333,0.0423085
46.944000000,0.0393389
46.954666667,0.03583
46.965333333,0.0344036
46.976000000,0.0319606
46.986666667,0.0338895
46.997333333,0.0349676
47.008000000,0.0337624
47.018666667,0.0339323
47.029333333,0.0360201
47.040000000,0.037315
47.050666667,0.0342962
47.061333333,0.0327622
47.072000000,0.0338262
47.082666667,0.0358859
47.093333333,0.0332015
47.104000000,0.0291018
47.114666667,0.0318115
47.125333333,0.0311643
47.136000000,0.0231043
47.146666667,0.0137495
47.157333333,0.0103597
47.168000000,0.00826864
47.178666667,0.00706784
47.189333333,0.00767433
47.200000000,0.00822253
47.210666667,0.00842781
47.221333333,0.00886266
47.232000000,0.00954047
47.242666667,0.00945973
47.253333333,0.00966599
47.264000000,0.0112276
47.274666667,0.0117142
47.285333333,0.0154722
47.296000000,0.0181062
47.306666667,0.0200046
47.317333333,0.0221914
47.328000000,0.0291773
47.338666667,0.0358132
47.349333333,0.0342653
47.360000000,0.0268011
47.370666667,0.0225925
47.381333333,0.0255556
47.392000000,0.0309821
47.402666667,0.0332146
47.413333333,0.0397146
47.424000000,0.0408965
47.434666667,0.0413594
47.445333333,0.0483976
47.456000000,0.0446705
47.466666667,0.0546776
47.477333333,0.0599686
47.488000000,0.0551266
47.498666667,0.0605332
47.509333333,0.0605929
47.520000000,0.0646765
47.530666667,0.0599041
47.541333333,0.0485451
47.552000000,0.0492582
47.562666667,0.0431602
47.573333333,0.0378835
47.584000000,0.0385845
47.594666667,0.0504466
47.605333333,0.0532378
47.616000000,0.0416555
47.626666667,0.0355816
47.637333333,0.0341336
47.648000000,0.0359911
47.658666667,0.0383569
47.669333333,0.0363412
47.680000000,0.034732
47.690666667,0.0373097
47.701333333,0.0384828
47.712000000,0.0373878
47.722666667,0.0343174
47.733333333,0.0433623
47.744000000,0.0474028
47.754666667,0.0451302
47.765333333,0.0476613
47.776000000,0.0475636
47.786666667,0.0552884
47.797333333,0.0574238
47.808000000,0.0495385
47.818666667,0.0542976
47.829333333,0.0551868
47.840000000,0.0495549
47.850666667,0.0501825
47.861333333,0.0552449
47.872000000,0.058277
47.882666667,0.0546282
47.893333333,0.0505867
47.904000000,0.0478239
47.914666667,0.0464946
47.925333333,0.049755
47.936000000,0.0487678
47.946666667,0.0465477
47.957333333,0.0521653
47.968000000,0.050375
47.978666667,0.0455441
47.989333333,0.0510181
48.000000000,0.0538129
48.010666667,0.0483685
48.021333333,0.0469414
48.032000000,0.0491842
48.042666667,0.0495417
48.053333333,0.047751
48.064000000,0.0405708
48.074666667,0.045411
48.085333333,0.0647071
48.096000000,0.0724523
48.106666667,0.0693928
48.117333333,0.0608829
48.128000000,0.0532927
48.138666667,0.0555173
48.149333333,0.0511277
48.160000000,0.0504385
48.170666667,0.0487092
48.181333333,0.0416286
48.192000000,0.0488402
48.202666667,0.0492297
48.213333333,0.0461377
48.224000000,0.0418893
48.234666667,0.0530392
48.245333333,0.0665779
48.256000000,0.0525008
48.266666667,0.0542395
48.277333333,0.0617935
48.288000000,0.051026
48.298666667,0.0626594
48.309333333,0.0686558
48.320000000,0.0581898
48.330666667,0.0511244
48.341333333,0.0630632
48.352000000,0.0732306
48.362666667,0.076395
48.373333333,0.0773434
48.384000000,0.0640441
48.394666667,0.057374
48.405333333,0.0665168
48.416000000,0.0826247
48.426666667,0.0922856
48.437333333,0.0813504
48.448000000,0.0773091
48.458666667,0.0697686
48.469333333,0.0553207
48.480000000,0.0683824
48.490666667,0.0787412
48.501333333,0.0844888
48.512000000,0.0735618
48.522666667,0.0659369
48.533333333,0.0624465
48.544000000,0.0397568
48.554666667,0.0399169
48.565333333,0.041714
48.576000000,0.0481009
48.586666667,0.0543717
48.597333333,0.0543912
48.608000000,0.068067
48.618666667,0.0658876
48.629333333,0.0660482
48.640000000,0.0679278
48.650666667,0.0584371
48.661333333,0.0498459
48.672000000,0.0302129
48.682666667,0.0354302
48.693333333,0.0462425
48.704000000,0.0452822
48.714666667,0.044266
48.725333333,0.0488728
48.736000000,0.041973
48.746666667,0.0300224
48.757333333,0.0345975
48.768000000,0.0420773
48.778666667,0.0422213
48.789333333,0.0374452
48.800000000,0.0531614
48.810666667,0.0512521
48.821333333,0.0370238
48.832000000,0.0353943
48.842666667,0.0412765
48.853333333,0.0468232
48.864000000,0.0411443
48.874666667,0.0544338
48.885333333,0.0566474
48.896000000,0.0489338
48.906666667,0.0518136
48.917333333,0.0545543
48.928000000,0.0512767
48.938666667,0.041953
48.949333333,0.0416308
48.960000000,0.0353104
48.970666667,0.0301022
48.981333333,0.0353274
48.992000000,0.0344792
49.002666667,0.0403728
49.013333333,0.0525784
49.024000000,0.0599883
49.034666667,0.0515673
49.045333333,0.0485864
49.056000000,0.0541847
49.066666667,0.0416601
49.077333333,0.0271812
49.088000000,0.0336483
49.098666667,0.0419928
49.109333333,0.0380244
49.120000000,0.0226406
49.130666667,0.0190863
49.141333333,0.0224658
49.152000000,0.0184203
49.162666667,0.0151858
49.173333333,0.0128895
49.184000000,0.0127734
49.194666667,0.011244
49.205333333,0.00927155
49.216000000,0.0134872
49.226666667,0.0121231
49.237333333,0.0159283
49.248000000,0.022233
49.258666667,0.0233352
49.269333333,0.0237011
49.280000000,0.0191177
49.290666667,0.0131122
49.301333333,0.0148964
49.312000000,0.0177138
49.322666667,0.0173905
49.333333333,0.014138
49.344000000,0.0152796
49.354666667,0.0175537
49.365333333,0.0200148
49.376000000,0.0176055
49.386666667,0.0111343
49.397333333,0.022444
49.408000000,0.0300143
49.418666667,0.0301514
49.429333333,0.0332435
49.440000000,0.0359013
49.450666667,0.0355959
49.461333333,0.0310521
49.472000000,0.0295211
49.482666667,0.028517
49.493333333,0.0208049
49.504000000,0.0200658
49.514666667,0.0216647
49.525333333,0.0242754
49.536000000,0.0268625
49.546666667,0.029848
49.557333333,0.0304664
49.568000000,0.0340245
49.578666667,0.0347682
49.589333333,0.0305569
49.600000000,0.0261667
49.610666667,0.025972
49.621333333,0.0284483
49.632000000,0.0257962
49.642666667,0.0248274
49.653333333,0.0255646
49.664000000,0.0278372
49.674666667,0.0298227
49.685333333,0.0298229
49.696000000,0.0262163
49.706666667,0.0230927
49.717333333,0.0208732
49.728000000,0.0278657
49.738666667,0.0367131
49.749333333,0.0373146
49.760000000,0.036023
49.770666667,0.0348858
49.781333333,0.0262406
49.792000000,0.0148551
49.802666667,0.0188063
49.813333333,0.0207716
49.824000000,0.0169952
49.834666667,0.0184029
49.845333333,0.0182125
49.856000000,0.017125
49.866666667,0.0177077
49.877333333,0.0159109
49.888000000,0.0140721
49.898666667,0.0116415
49.909333333,0.0132033
49.920000000,0.0137689
49.930666667,0.0169058
49.941333333,0.019372
49.952000000,0.0143879
49.962666667,0.0171661
49.973333333,0.0190659
49.984000000,0.0142776
49.994666667,0.0144383
50.005333333,0.0167974
50.016000000,0.0231488
50.026666667,0.0257859
50.037333333,0.02823
50.048000000,0.0286798
50.058666667,0.0265348
50.069333333,0.0257556
50.080000000,0.0197924
50.090666667,0.0142286
50.101333333,0.0163801
50.112000000,0.0169723
50.122666667,0.0133697
50.133333333,0.0114206
50.144000000,0.0104185
50.154666667,0.0110359
50.165333333,0.0141381
50.176000000,0.022298
50.186666667,0.0244957
50.197333333,0.019064
50.208000000,0.016047
50.218666667,0.0162292
50.229333333,0.017295
50.240000000,0.0181237
50.250666667,0.0172536
50.261333333,0.018438
50.272000000,0.0179747
50.282666667,0.0233446
50.293333333,0.0282389
50.304000000,0.0287931
50.314666667,0.0315594
50.325333333,0.0329598
50.336000000,0.0329992
50.346666667,0.0401504
50.357333333,0.0477282
50.368000000,0.046323
50.378666667,0.0436297
50.389333333,0.0367724
50.400000000,0.0222451
50.410666667,0.0130867
50.421333333,0.0102318
50.432000000,0.00988253
50.442666667,0.0088602
50.453333333,0.00750953
50.464000000,0.00901558
50.474666667,0.0115941
50.485333333,0.0154491
50.496000000,0.0158562
50.506666667,0.0174315
50.517333333,0.0265332
50.528000000,0.0305885
50.538666667,0.030778
50.549333333,0.0301616
50.560000000,0.0260573
50.570666667,0.021839
50.581333333,0.019889
50.592000000,0.0183889
50.602666667,0.0131536
50.613333333,0.0126911
50.624000000,0.0141239
50.634666667,0.0120614
50.645333333,0.0117438
50.656000000,0.0103087
50.666666667,0.00874904
50.677333333,0.00889917
50.688000000,0.0074798
50.698666667,0.00445285
50.709333333,0.00573514
50.720000000,0.00797091
50.730666667,0.00686354
50.741333333,0.00443262
50.752000000,0.00490507
50.762666667,0.0055096
50.773333333,0.00674272
50.784000000,0.00788156
50.794666667,0.00901851
50.805333333,0.00945292
50.816000000,0.00906354
50.826666667,0.00867116
50.837333333,0.009766
50.848000000,0.011246
50.858666667,0.00922031
50.869333333,0.00856967
50.880000000,0.010061
50.890666667,0.00838049
50.901333333,0.00881761
50.912000000,0.0083932
50.922666667,0.00692204
50.933333333,0.00902925
50.944000000,0.00900185
50.954666667,0.00997433
50.965333333,0.00900122
50.976000000,0.00792646
50.986666667,0.0120599
50.997333333,0.014965
51.008000000,0.0202396
51.018666667,0.0215528
51.029333333,0.0203253
51.040000000,0.0243721
51.050666667,0.0217775
51.061333333,0.0190204
51.072000000,0.0243371
51.082666667,0.0242564
51.093333333,0.0224238
51.104000000,0.0250097
51.114666667,0.0237253
51.125333333,0.0165066
51.136000000,0.0124255
51.146666667,0.0132695
51.157333333,0.0145533
51.168000000,0.015349
51.178666667,0.0202622
51.189333333,0.0265669
51.200000000,0.0287948
51.210666667,0.0268794
51.221333333,0.0276188
51.232000000,0.0238428
51.242666667,0.0189899
51.253333333,0.0227329
51.264000000,0.0251878
51.274666667,0.0282562
51.285333333,0.0265173
51.296000000,0.0230617
51.306666667,0.0224567
51.317333333,0.0191787
51.328000000,0.0192998
51.338666667,0.0202315
51.349333333,0.0190809
51.360000000,0.0195111
51.370666667,0.0176585
51.381333333,0.0143285
51.392000000,0.0113138
51.402666667,0.0103465
51.413333333,0.00846266
51.424000000,0.00634754
51.434666667,0.00731464
51.445333333,0.00721579
51.456000000,0.00738303
51.466666667,0.0104439
51.477333333,0.0154222
51.488000000,0.0156263
51.498666667,0.0186606
51.509333333,0.0292342
51.520000000,0.0348819
51.530666667,0.0352482
51.541333333,0.0343171
51.552000000,0.0321966
51.562666667,0.0321971
51.573333333,0.033796
51.584000000,0.0306305
51.594666667,0.0237934
51.605333333,0.0264444
51.616000000,0.0373469
51.626666667,0.0381402
51.637333333,0.0309532
51.648000000,0.0237761
51.658666667,0.0211662
51.669333333,0.0300562
51.680000000,0.0326664
51.690666667,0.0326141
51.701333333,0.0332827
51.712000000,0.0330962
51.722666667,0.0394079
51.733333333,0.0382673
51.744000000,0.0322415
51.754666667,0.0318298
51.765333333,0.0357839
51.776000000,0.0358345
51.786666667,0.0326595
51.797333333,0.0337696
51.808000000,0.0361025
51.818666667,0.0352879
51.829333333,0.0313425
51.840000000,0.0336019
51.850666667,0.0329309
51.861333333,0.0285366
51.872000000,0.0323894
51.882666667,0.0339785
51.893333333,0.0291498
51.904000000,0.0305336
51.914666667,0.0325295
51.925333333,0.029917
51.936000000,0.0264007
51.946666667,0.02977
51.957333333,0.0298569
51.968000000,0.0249529
51.978666667,0.0256186
51.989333333,0.0228592
52.000000000,0.0193544
52.010666667,0.0169072
52.021333333,0.0140553
52.032000000,0.0174062
52.042666667,0.0213099
52.053333333,0.0236462
52.064000000,0.0237082
52.074666667,0.0229983
52.085333333,0.021917
52.096000000,0.0200765
52.106666667,0.0229512
52.117333333,0.0225082
52.128000000,0.0187149
52.138666667,0.0190566
52.149333333,0.0183278
52.160000000,0.0160532
52.170666667,0.0160686
52.181333333,0.0188666
52.192000000,0.0229831
52.202666667,0.025537
52.213333333,0.0236121
52.224000000,0.0210373
52.234666667,0.0183763
52.245333333,0.0162355
52.256000000,0.0148568
52.266666667,0.0109372
52.277333333,0.00880421
52.288000000,0.00850752
52.298666667,0.0094582
52.309333333,0.0116333
52.320000000,0.015805
52.330666667,0.0233557
52.341333333,0.0269727
52.352000000,0.0357595
52.362666667,0.0334355
52.373333333,0.0173603
52.384000000,0.0118898
52.394666667,0.00964089
52.405333333,0.0111637
52.416000000,0.00908011
52.426666667,0.0137049
52.437333333,0.0157533
52.448000000,0.0124016
52.458666667,0.012655
52.469333333,0.0180202
52.480000000,0.0261047
52.490666667,0.0310049
52.501333333,0.0304469
52.512000000,0.0321577
52.522666667,0.0378312
52.533333333,0.0372232
52.544000000,0.0330945
52.554666667,0.0299939
52.565333333,0.0269749
52.576000000,0.0237919
52.586666667,0.0227903
52.597333333,0.0274461
52.608000000,0.0251332
52.618666667,0.0185264
52.629333333,0.0169418
52.640000000,0.0152501
52.650666667,0.0140549
52.661333333,0.0126277
52.672000000,0.00999038
52.682666667,0.00730266
52.693333333,0.00715515
52.704000000,0.00818434
52.714666667,0.00907448
52.725333333,0.00868878
52.736000000,0.0072033
52.746666667,0.00675524
52.757333333,0.007444
52.768000000,0.00768688
52.778666667,0.00727105
52.789333333,0.00722193
52.800000000,0.00810251
52.810666667,0.00934012
52.821333333,0.0094264
52.832000000,0.00877369
52.842666667,0.00913506
52.853333333,0.0126489
52.864000000,0.0141687
52.874666667,0.0129506
52.885333333,0.0123446
52.896000000,0.00994826
52.906666667,0.00946337
52.917333333,0.0106679
52.928000000,0.0144347
52.938666667,0.020857
52.949333333,0.0206672
52.960000000,0.018527
52.970666667,0.0232005
52.981333333,0.0257734
52.992000000,0.0267525
53.002666667,0.0243929
53.013333333,0.0202247
53.024000000,0.0205018
53.034666667,0.0203935
53.045333333,0.0202437
53.056000000,0.0218922
53.066666667,0.024368
53.077333333,0.0230868
53.088000000,0.0191594
53.098666667,0.0195507
53.109333333,0.0211107
53.120000000,0.0188335
53.130666667,0.0177413
53.141333333,0.0201218
53.152000000,0.020917
53.162666667,0.0216373
53.173333333,0.0211831
53.184000000,0.0204142
53.194666667,0.0191449
53.205333333,0.0165572
53.216000000,0.0171058
53.226666667,0.0181005
53.237333333,0.0201364
53.248000000,0.0215493
53.258666667,0.024022
53.269333333,0.0255135
53.280000000,0.0256279
53.290666667,0.0245369
53.301333333,0.02171
53.312000000,0.020687
53.322666667,0.0201442
53.333333333,0.0216562
53.344000000,0.0229114
53.354666667,0.0238494
53.365333333,0.0212168
53.376000000,0.0152346
53.386666667,0.0114608
53.397333333,0.00882209
53.408000000,0.00864316
53.418666667,0.00865672
53.429333333,0.0149867
53.440000000,0.0194863
53.450666667,0.019756
53.461333333,0.0188551
53.472000000,0.0155949
53.482666667,0.0163836
53.493333333,0.0177997
53.504000000,0.016617
53.514666667,0.013667
53.525333333,0.00791036
53.536000000,0.00920504
53.546666667,0.00893213
53.557333333,0.00471027
53.568000000,0.00816016
53.578666667,0.00907779
53.589333333,0.00769614
53.600000000,0.0117749
53.610666667,0.0169751
53.621333333,0.0189573
53.632000000,0.0203033
53.642666667,0.0225169
53.653333333,0.0213433
53.664000000,0.0187267
53.674666667,0.0171499
53.685333333,0.0157639
53.696000000,0.0153991
53.706666667,0.0167586
53.717333333,0.0174315
53.728000000,0.0184361
53.738666667,0.0206175
53.749333333,0.0203089
53.760000000,0.0190121
53.770666667,0.0189055
53.781333333,0.0186771
53.792000000,0.0188435
53.802666667,0.0161047
53.813333333,0.0101851
53.824000000,0.00895402
53.834666667,0.0115181
53.845333333,0.0115565
53.856000000,0.00833105
53.866666667,0.00940445
53.877333333,0.00980433
53.888000000,0.00844765
53.898666667,0.00841402
53.909333333,0.00656101
53.920000000,0.00777992
53.930666667,0.00810085
53.941333333,0.00718031
53.952000000,0.00781751
53.962666667,0.00659089
53.973333333,0.00831534
53.984000000,0.00880131
53.994666667,0.0065543
54.005333333,0.00868197
54.016000000,0.0083211
54.026666667,0.00763609
54.037333333,0.00839496
54.048000000,0.00717767
54.058666667,0.0102886
54.069333333,0.0136514
54.080000000,0.0155574
54.090666667,0.0139549
54.101333333,0.0130335
54.112000000,0.0148269
54.122666667,0.0158489
54.133333333,0.0149627
54.144000000,0.0118201
54.154666667,0.00894443
54.165333333,0.00780125
54.176000000,0.0156054
54.186666667,0.0198457
54.197333333,0.0193758
54.208000000,0.0192271
54.218666667,0.0156831
54.229333333,0.0106069
54.240000000,0.0125181
54.250666667,0.0121103
54.261333333,0.0134497
54.272000000,0.0145367
54.282666667,0.010287
54.293333333,0.0126598
54.304000000,0.0166766
54.314666667,0.0153569
54.325333333,0.0148707
54.336000000,0.0207293
54.346666667,0.0230061
54.357333333,0.0216354
54.368000000,0.0196325
54.378666667,0.0189095
54.389333333,0.0192102
54.400000000,0.018442
54.410666667,0.0187362
54.421333333,0.0174396
54.432000000,0.0161252
54.442666667,0.0137834
54.453333333,0.00985262
54.464000000,0.00682523
54.474666667,0.00462178
54.485333333,0.00585726
54.496000000,0.00564301
54.506666667,0.0056906
54.517333333,0.00787271
54.528000000,0.0179178
54.538666667,0.0224637
54.549333333,0.0214142
54.560000000,0.0196259
54.570666667,0.015192
54.581333333,0.0147724
54.592000000,0.0169765
54.602666667,0.0187284
54.613333333,0.0209027
54.624000000,0.0203792
54.634666667,0.0185934
54.645333333,0.0169219
54.656000000,0.0153575
54.666666667,0.0149373
54.677333333,0.0145709
54.688000000,0.0117706
54.698666667,0.00771343
54.709333333,0.00589035
54.720000000,0.00387784
54.730666667,0.00315936
54.741333333,0.00297242
54.752000000,0.00740006
54.762666667,0.0135025
54.773333333,0.0174825
54.784000000,0.0189393
54.794666667,0.0203389
54.805333333,0.0228245
54.816000000,0.0206363
54.826666667,0.0212526
54.837333333,0.0213587
54.848000000,0.0203101
54.858666667,0.0241886
54.869333333,0.0276157
54.880000000,0.0291243
54.890666667,0.0253014
54.901333333,0.026051
54.912000000,0.0248587
54.922666667,0.0250438
54.933333333,0.0293067
54.944000000,0.026797
54.954666667,0.0243216
54.965333333,0.0235244
54.976000000,0.02457
54.986666667,0.0255359
54.997333333,0.0265861
55.008000000,0.0282656
55.018666667,0.0273591
55.029333333,0.0252775
55.040000000,0.0214638
55.050666667,0.0228572
55.061333333,0.0247422
55.072000000,0.0218897
55.082666667,0.0207757
55.093333333,0.0209988
55.104000000,0.0215652
55.114666667,0.0208041
55.125333333,0.0168473
55.136000000,0.0108884
55.146666667,0.00693797
55.157333333,0.0040272
55.168000000,0.00325306
55.178666667,0.0029251
55.189333333,0.00225161
55.200000000,0.00222904
55.210666667,0.00945351
55.221333333,0.00977459
55.232000000,0.00382411
55.242666667,0.00455516
55.253333333,0.0113907
55.264000000,0.0152223
55.274666667,0.016803
55.285333333,0.0180977
55.296000000,0.0202854
55.306666667,0.0231993
55.317333333,0.0206583
55.328000000,0.0152526
55.338666667,0.0197223
55.349333333,0.0218412
55.360000000,0.026562
55.370666667,0.0269607
55.381333333,0.0331318
55.392000000,0.0344255
55.402666667,0.0312561
55.413333333,0.0387896
55.424000000,0.039136
55.434666667,0.0475893
55.445333333,0.0424031
55.456000000,0.0417082
55.466666667,0.0464168
55.477333333,0.03977
55.488000000,0.0463851
55.498666667,0.0409103
55.509333333,0.0459728
55.520000000,0.0477006
55.530666667,0.0416492
55.541333333,0.0454949
55.552000000,0.0431279
55.562666667,0.0506082
55.573333333,0.0458635
55.584000000,0.0358568
55.594666667,0.0381029
55.605333333,0.0341271
55.616000000,0.0307771
55.626666667,0.0243245
55.637333333,0.0241436
55.648000000,0.025828
55.658666667,0.0232655
55.669333333,0.0187681
55.680000000,0.0178639
55.690666667,0.0177629
55.701333333,0.0138431
55.712000000,0.0155336
55.722666667,0.0153155
55.733333333,0.0182709
55.744000000,0.0175195
55.754666667,0.011179
55.765333333,0.017516
55.776000000,0.026707
55.786666667,0.0266312
55.797333333,0.0193427
55.808000000,0.0291394
55.818666667,0.0384232
55.829333333,0.0346194
55.840000000,0.0287018
55.850666667,0.0400805
55.861333333,0.0483085
55.872000000,0.0427069
55.882666667,0.036103
55.893333333,0.0370086
55.904000000,0.0428829
55.914666667,0.0378936
55.925333333,0.0359098
55.936000000,0.0344787
55.946666667,0.0330702
55.957333333,0.0485082
55.968000000,0.0613856
55.978666667,0.0600446
55.989333333,0.0537381
56.000000000,0.0465171
56.010666667,0.0353225
56.021333333,0.0430014
56.032000000,0.0463092
56.042666667,0.0449876
56.053333333,0.0367224
56.064000000,0.0351418
56.074666667,0.0410274
56.085333333,0.04249
56.096000000,0.0376399
56.106666667,0.0181725
56.117333333,0.0133173
56.128000000,0.0211023
56.138666667,0.0237787
56.149333333,0.0179053
56.160000000,0.0120242
56.170666667,0.0144743
56.181333333,0.0146563
56.192000000,0.0112917
56.202666667,0.0131205
56.213333333,0.0207291
56.224000000,0.0252925
56.234666667,0.0231273
56.245333333,0.0210031
56.256000000,0.0224495
56.266666667,0.0222324
56.277333333,0.0200326
56.288000000,0.0199789
56.298666667,0.0235776
56.309333333,0.0263446
56.320000000,0.0250993
56.330666667,0.0357116
56.341333333,0.0520873
56.352000000,0.0634217
56.362666667,0.0563354
56.373333333,0.0513894
56.384000000,0.0511823
56.394666667,0.0381485
56.405333333,0.0377189
56.416000000,0.0373356
56.426666667,0.0484111
56.437333333,0.0493496
56.448000000,0.0405536
56.458666667,0.0523925
56.469333333,0.0525048
56.480000000,0.0524986
56.490666667,0.0512503
56.501333333,0.044761
56.512000000,0.0507961
56.522666667,0.0446254
56.533333333,0.0384958
56.544000000,0.0430188
56.554666667,0.040018
56.565333333,0.0356705
56.576000000,0.0316519
56.586666667,0.0303033
56.597333333,0.0260572
56.608000000,0.0212082
56.618666667,0.021001
56.629333333,0.0233792
56.640000000,0.024331
56.650666667,0.0218509
56.661333333,0.0194578
56.672000000,0.0180081
56.682666667,0.0186808
56.693333333,0.0183512
56.704000000,0.019006
56.714666667,0.0248335
56.725333333,0.0396155
56.736000000,0.0571552
56.746666667,0.0615194
56.757333333,0.0487696
56.768000000,0.04532
56.778666667,0.0498484
56.789333333,0.0470629
56.800000000,0.0562157
56.810666667,0.0584012
56.821333333,0.0623396
56.832000000,0.0624929
56.842666667,0.0465055
56.853333333,0.0473557
56.864000000,0.0532308
56.874666667,0.0628459
56.885333333,0.0589244
56.896000000,0.0448149
56.906666667,0.0618445
56.917333333,0.062116
56.928000000,0.0546403
56.938666667,0.0513351
56.949333333,0.0484149
56.960000000,0.0612829
56.970666667,0.0609765
56.981333333,0.0503561
56.992000000,0.0514274
57.002666667,0.0638485
57.013333333,0.0575952
57.024000000,0.0557043
57.034666667,0.0618297
57.045333333,0.0558675
57.056000000,0.0594477
57.066666667,0.0539589
57.077333333,0.0427471
57.088000000,0.0576873
57.098666667,0.0624214
57.109333333,0.0613732
57.120000000,0.0529714
57.130666667,0.0490719
57.141333333,0.0562981
57.152000000,0.0468107
57.162666667,0.0463683
57.173333333,0.0572579
57.184000000,0.0503287
57.194666667,0.0401743
57.205333333,0.0499149
57.216000000,0.0642816
57.226666667,0.077717
57.237333333,0.0638697
57.248000000,0.0364793
57.258666667,0.0348809
57.269333333,0.0411015
57.280000000,0.0543814
57.290666667,0.0547837
57.301333333,0.0506434
57.312000000,0.0629726
57.322666667,0.0640827
57.333333333,0.0498244
57.344000000,0.0478218
57.354666667,0.0437093
57.365333333,0.0267437
57.376000000,0.0210879
57.386666667,0.0274874
57.397333333,0.0406391
57.408000000,0.0390501
57.418666667,0.0274346
57.429333333,0.0258411
57.440000000,0.029646
57.450666667,0.034257
57.461333333,0.0314682
57.472000000,0.0385168
57.482666667,0.0395331
57.493333333,0.0337601
57.504000000,0.046289
57.514666667,0.0435953
57.525333333,0.0332762
57.536000000,0.0417431
57.546666667,0.0492717
57.557333333,0.045619
57.568000000,0.0429006
57.578666667,0.0415709
57.589333333,0.0352141
57.600000000,0.0422779
57.610666667,0.0472962
57.621333333,0.053631
57.632000000,0.0483317
57.642666667,0.0312373
57.653333333,0.0279046
57.664000000,0.0411886
57.674666667,0.0542999
57.685333333,0.0465664
57.696000000,0.0266786
57.706666667,0.0216618
57.717333333,0.0383155
57.728000000,0.0534514
57.738666667,0.0516488
57.749333333,0.033955
57.760000000,0.0231096
57.770666667,0.0207425
57.781333333,0.014681
57.792000000,0.017904
57.802666667,0.0328546
57.813333333,0.0407998
57.824000000,0.0324031
57.834666667,0.0206842
57.845333333,0.0289054
57.856000000,0.0395859
57.866666667,0.0389038
57.877333333,0.0271157
57.888000000,0.0154923
57.898666667,0.0266879
57.909333333,0.0351692
57.920000000,0.0300627
57.930666667,0.0215002
57.941333333,0.0164389
57.952000000,0.011463
57.962666667,0.0162929
57.973333333,0.0201086
57.984000000,0.0242994
57.994666667,0.0243793
58.005333333,0.0220095
58.016000000,0.0277917
58.026666667,0.0311468
58.037333333,0.027327
58.048000000,0.0230704
58.058666667,0.0251928
58.069333333,0.0218974
58.080000000,0.0196161
58.090666667,0.0221272
58.101333333,0.0161549
58.112000000,0.0121086
58.122666667,0.0156266
58.133333333,0.022071
58.144000000,0.024797
58.154666667,0.0224626
58.165333333,0.0254927
58.176000000,0.0283926
58.186666667,0.0238899
58.197333333,0.0158361
58.208000000,0.0133953
58.218666667,0.0213017
58.229333333,0.0243733
58.240000000,0.0265767
58.250666667,0.0335301
58.261333333,0.0354256
58.272000000,0.0282718
58.282666667,0.0241006
58.293333333,0.0320617
58.304000000,0.0390985
58.314666667,0.0352272
58.325333333,0.0218262
58.336000000,0.011183
58.346666667,0.013303
58.357333333,0.020214
58.368000000,0.0245148
58.378666667,0.0222825
58.389333333,0.014741
58.400000000,0.0113702
58.410666667,0.0133777
58.421333333,0.0146857
58.432000000,0.0142909
58.442666667,0.0132199
58.453333333,0.0131032
58.464000000,0.0121583
58.474666667,0.0175062
58.485333333,0.0212822
58.496000000,0.0179212
58.506666667,0.0168772
58.517333333,0.015743
58.528000000,0.0115801
58.538666667,0.0183744
58.549333333,0.0239855
58.560000000,0.0212752
58.570666667,0.0158885
58.581333333,0.0128031
58.592000000,0.0152975
58.602666667,0.0208113
58.613333333,0.021427
58.624000000,0.0227245
58.634666667,0.023508
58.645333333,0.0173974
58.656000000,0.0115701
58.666666667,0.0156486
58.677333333,0.0213069
58.688000000,0.0242969
58.698666667,0.0234754
58.709333333,0.0186804
58.720000000,0.0149054
58.730666667,0.0208784
58.741333333,0.0271929
58.752000000,0.0239363
58.762666667,0.0193525
58.773333333,0.0227068
58.784000000,0.0228206
58.794666667,0.0178799
58.805333333,0.015952
58.816000000,0.0199844
58.826666667,0.0223123
58.837333333,0.0188129
58.848000000,0.0248097
58.858666667,0.0334106
58.869333333,0.0299348
58.880000000,0.0198293
58.890666667,0.015491
58.901333333,0.0224289
58.912000000,0.0290364
58.922666667,0.0254994
58.933333333,0.0212835
58.944000000,0.0257668
58.954666667,0.0282184
58.965333333,0.0275287
58.976000000,0.0234789
58.986666667,0.0227715
58.997333333,0.028375
59.008000000,0.0247342
59.018666667,0.0217254
59.029333333,0.0275692
59.040000000,0.0256607
59.050666667,0.0210207
59.061333333,0.0185194
59.072000000,0.0256052
59.082666667,0.030871
59.093333333,0.0248737
59.104000000,0.0215594
59.114666667,0.0237568
59.125333333,0.0219866
59.136000000,0.023207
59.146666667,0.0247249
59.157333333,0.0259676
59.168000000,0.0233313
59.178666667,0.0207231
59.189333333,0.0235736
59.200000000,0.0238993
59.210666667,0.0264106
59.221333333,0.0283225
59.232000000,0.0267605
59.242666667,0.0256817
59.253333333,0.0271949
59.264000000,0.0291774
59.274666667,0.028674
59.285333333,0.0233728
59.296000000,0.0210213
59.306666667,0.0202528
59.317333333,0.0196696
59.328000000,0.017332
59.338666667,0.0168757
59.349333333,0.0226984
59.360000000,0.0238197
59.370666667,0.022335
59.381333333,0.0195684
59.392000000,0.0227238
59.402666667,0.0221414
59.413333333,0.0202062
59.424000000,0.0217497
59.434666667,0.0212219
59.445333333,0.0208322
59.456000000,0.0194021
59.466666667,0.0226799
59.477333333,0.0240569
59.488000000,0.0214143
59.498666667,0.0196483
59.509333333,0.0198
59.520000000,0.0180449
59.530666667,0.0145908
59.541333333,0.0126957
59.552000000,0.00931398
59.562666667,0.00991727
59.573333333,0.00913581
59.584000000,0.00418005
59.594666667,0.00443256
59.605333333,0.00405454
59.616000000,0.00372203
59.626666667,0.00396884
59.637333333,0.00383489
59.648000000,0.00347398
59.658666667,0.00833962
59.669333333,0.0139773
59.680000000,0.0176793
59.690666667,0.0174561
59.701333333,0.0153493
59.712000000,0.0137251
59.722666667,0.0124417
59.733333333,0.0143438
59.744000000,0.0163686
59.754666667,0.0197781
59.765333333,0.0208155
59.776000000,0.0188202
59.786666667,0.0201672
59.797333333,0.0199177
59.808000000,0.0182048
59.818666667,0.0200405
59.829333333,0.0197278
59.840000000,0.0189724
59.850666667,0.0191345
59.861333333,0.0199033
59.872000000,0.0211348
59.882666667,0.0181667
59.893333333,0.0162302
59.904000000,0.0160163
59.914666667,0.0156353
59.925333333,0.018304
59.936000000,0.0189115
59.946666667,0.0186938
59.957333333,0.0175688
59.968000000,0.0137341
59.978666667,0.0124587
59.989333333,0.0116225
60.000000000,0.0107276
60.010666667,0.0126726
60.021333333,0.0146337
60.032000000,0.0140752
60.042666667,0.0129001
60.053333333,0.0124536
60.064000000,0.0118627
60.074666667,0.0110178
60.085333333,0.00981942
60.096000000,0.0101254
60.106666667,0.0106587
60.117333333,0.0122351
60.128000000,0.0130362
60.138666667,0.0134591
60.149333333,0.0141196
60.160000000,0.0141492
60.170666667,0.0137204
60.181333333,0.0123249
60.192000000,0.0110829
60.202666667,0.00969076
60.213333333,0.00817841
60.224000000,0.00716199
60.234666667,0.00556534
60.245333333,0.00359914
60.256000000,0.00308684
60.266666667,0.00266879
60.277333333,0.00240866
60.288000000,0.00239814
60.298666667,0.00244052
60.309333333,0.00247639
60.320000000,0.00221194
60.330666667,0.00204972
60.341333333,0.00253153
60.352000000,0.00281897
60.362666667,0.00275014
60.373333333,0.00268483
60.384000000,0.0022641
60.394666667,0.00210072
60.405333333,0.00205371
60.416000000,0.00175333
60.426666667,0.00155495
60.437333333,0.00155168
60.448000000,0.001672
60.458666667,0.00152356
60.469333333,0.00166326
60.480000000,0.00199894
60.490666667,0.00217522
60.501333333,0.00213963
60.512000000,0.00199816
60.522666667,0.00192921
60.533333333,0.00172485
60.544000000,0.00134799
60.554666667,0.000976194
60.565333333,0.000822803
60.576000000,0.00102924
60.586666667,0.00130544
60.597333333,0.00231595
60.608000000,0.00253262
60.618666667,0.00204668
60.629333333,0.0023661
60.640000000,0.00245221
60.650666667,0.0022154
60.661333333,0.00200618
60.672000000,0.0019308
60.682666667,0.00183261
60.693333333,0.00171694
60.704000000,0.00166837
60.714666667,0.00153208
60.725333333,0.00236808
60.736000000,0.00265917
60.746666667,0.00235365
60.757333333,0.00243373
60.768000000,0.00258886
60.778666667,0.00243423
60.789333333,0.00539587
60.800000000,0.0107303
60.810666667,0.0125122
60.821333333,0.0125342
60.832000000,0.0121972
60.842666667,0.0113295
60.853333333,0.0115981
60.864000000,0.0119359
60.874666667,0.0127712
60.885333333,0.0130384
60.896000000,0.0157921
60.906666667,0.0171434
60.917333333,0.0159715
60.928000000,0.0145257
60.938666667,0.0108816
60.949333333,0.00795362
60.960000000,0.00973314
60.970666667,0.013878
60.981333333,0.0169342
60.992000000,0.0156187
61.002666667,0.0125868
61.013333333,0.0127169
61.024000000,0.0122736
61.034666667,0.0110047
61.045333333,0.0106862
61.056000000,0.0111014
61.066666667,0.0105423
61.077333333,0.00815134
61.088000000,0.00587826
61.098666667,0.00557601
61.109333333,0.00550187
61.120000000,0.00470948
61.130666667,0.00435321
61.141333333,0.00360666
61.152000000,0.00267854
61.162666667,0.00247258
61.173333333,0.00222306
61.184000000,0.00154675
61.194666667,0.0011636
61.205333333,0.00111592
61.216000000,0.00115249
61.226666667,0.0018927
61.237333333,0.0020713
61.248000000,0.00147343
61.258666667,0.0014416
61.269333333,0.00153108
61.280000000,0.00131351
61.290666667,0.00130748
61.301333333,0.00157917
61.312000000,0.0066321
61.322666667,0.0112076
61.333333333,0.013366
61.344000000,0.0136738
61.354666667,0.0130399
61.365333333,0.0125293
61.376000000,0.0115205
61.386666667,0.0103946
61.397333333,0.00871385
61.408000000,0.0053219
61.418666667,0.00307314
61.429333333,0.00231156
61.440000000,0.00191873
61.450666667,0.00156142
61.461333333,0.0018072
61.472000000,0.00309882
61.482666667,0.00317046
61.493333333,0.00336523
61.504000000,0.00632415
61.514666667,0.0102277
61.525333333,0.0132217
61.536000000,0.0139009
61.546666667,0.0131305
61.557333333,0.0127682
61.568000000,0.012886
61.578666667,0.0133236
61.589333333,0.0148381
61.600000000,0.0146967
61.610666667,0.0137647
61.621333333,0.0141423
61.632000000,0.0131643
61.642666667,0.0117025
61.653333333,0.0131892
61.664000000,0.0136657
61.674666667,0.0114208
61.685333333,0.00951551
61.696000000,0.0084543
61.706666667,0.00720321
61.717333333,0.005514
61.728000000,0.00550991
61.738666667,0.00502003
61.749333333,0.00367241
61.760000000,0.00272388
61.770666667,0.00209416
61.781333333,0.00175882
61.792000000,0.00135832
61.802666667,0.00124906
61.813333333,0.00117988
61.824000000,0.00130334
61.834666667,0.00151251
61.845333333,0.010445
61.856000000,0.0159091
61.866666667,0.0166117
61.877333333,0.0162722
61.888000000,0.0165871
61.898666667,0.0174687
61.909333333,0.0177394
61.920000000,0.0179811
61.930666667,0.0174696
61.941333333,0.0160959
61.952000000,0.0168678
61.962666667,0.0163331
61.973333333,0.0149031
61.984000000,0.0160954
61.994666667,0.0160728
62.005333333,0.0155929
62.016000000,0.0179643
62.026666667,0.0186353
62.037333333,0.016709
62.048000000,0.0138768
62.058666667,0.0114052
62.069333333,0.0103436
62.080000000,0.00964341
62.090666667,0.00855588
62.101333333,0.00881616
62.112000000,0.0119461
62.122666667,0.0134464
62.133333333,0.0142501
62.144000000,0.0149713
62.154666667,0.0132262
62.165333333,0.00920663
62.176000000,0.0054638
62.186666667,0.00362018
62.197333333,0.00238988
62.208000000,0.00149845
62.218666667,0.00184407
62.229333333,0.00222677
62.240000000,0.00235621
62.250666667,0.00245101
62.261333333,0.00226087
62.272000000,0.00211834
62.282666667,0.00199331
62.293333333,0.00175411
62.304000000,0.00162226
62.314666667,0.00180204
62.325333333,0.001826
62.336000000,0.00172873
62.346666667,0.00237703
62.357333333,0.00318734
62.368000000,0.00342176
62.378666667,0.00355657
62.389333333,0.00371638
62.400000000,0.00346956
62.410666667,0.00305712
62.421333333,0.00258772
62.432000000,0.00644879
62.442666667,0.0112275
62.453333333,0.0134919
62.464000000,0.0150599
62.474666667,0.0156468
62.485333333,0.0140277
62.496000000,0.0126327
62.506666667,0.0129094
62.517333333,0.0135788
62.528000000,0.0131979
62.538666667,0.0123715
62.549333333,0.0127516
62.560000000,0.0132391
62.570666667,0.012335
62.581333333,0.0118995
62.592000000,0.0121607
62.602666667,0.0123338
62.613333333,0.0122872
62.624000000,0.0118118
62.634666667,0.0120726
62.645333333,0.0133078
62.656000000,0.0134089
62.666666667,0.0123816
62.677333333,0.0111876
62.688000000,0.00914564
62.698666667,0.00683484
62.709333333,0.00584675
62.720000000,0.00563551
62.730666667,0.00539131
62.741333333,0.00533366
62.752000000,0.0047873
62.762666667,0.00422166
62.773333333,0.00336591
62.784000000,0.00281254
62.794666667,0.00352067
62.805333333,0.00425624
62.816000000,0.00508482
62.826666667,0.00570769
62.837333333,0.00645799
62.848000000,0.00654719
62.858666667,0.0064243
62.869333333,0.00809516
62.880000000,0.00869865
62.890666667,0.00778401
62.901333333,0.00573058
62.912000000,0.00267036
62.922666667,0.00168693
62.933333333,0.00150189
62.944000000,0.00132835
62.954666667,0.00119404
62.965333333,0.00151949
62.976000000,0.00261233
62.986666667,0.00305897
62.997333333,0.00285818
63.008000000,0.00261075
63.018666667,0.00220278
63.029333333,0.00209215
63.040000000,0.00193316
63.050666667,0.00147381
63.061333333,0.00132541
63.072000000,0.00145943
63.082666667,0.0014837
63.093333333,0.00185794
63.104000000,0.00247339
63.114666667,0.00287192
63.125333333,0.0030237
63.136000000,0.00650008
63.146666667,0.0157438
63.157333333,0.0155794
63.168000000,0.0122855
63.178666667,0.0178202
63.189333333,0.0184448
63.200000000,0.0158785
63.210666667,0.016644
63.221333333,0.0172641
63.232000000,0.0143297
63.242666667,0.0139859
63.253333333,0.0160834
63.264000000,0.0168504
63.274666667,0.0178391
63.285333333,0.019223
63.296000000,0.0207888
63.306666667,0.0209935
63.317333333,0.0180497
63.328000000,0.0159394
63.338666667,0.0156303
63.349333333,0.0140745
63.360000000,0.011984
63.370666667,0.00928818
63.381333333,0.010681
63.392000000,0.0134642
63.402666667,0.011511
63.413333333,0.00638244
63.424000000,0.0038568
63.434666667,0.00323166
63.445333333,0.00221071
63.456000000,0.00201242
63.466666667,0.00214456
63.477333333,0.00330636
63.488000000,0.0040201
63.498666667,0.0036429
63.509333333,0.00324317
63.520000000,0.00294353
63.530666667,0.00274771
63.541333333,0.00244275
63.552000000,0.00195185
63.562666667,0.00179223
63.573333333,0.00176431
63.584000000,0.00158612
63.594666667,0.00179491
63.605333333,0.00204162
63.616000000,0.00196643
63.626666667,0.00198708
63.637333333,0.00195392
63.648000000,0.00213267
63.658666667,0.00225491
63.669333333,0.00189997
63.680000000,0.0022358
63.690666667,0.0100941
63.701333333,0.0176509
63.712000000,0.0193707
63.722666667,0.0182759
63.733333333,0.0184438
63.744000000,0.0169406
63.754666667,0.0157238
63.765333333,0.0182428
63.776000000,0.0193716
63.786666667,0.0185399
63.797333333,0.0202362
63.808000000,0.0179464
63.818666667,0.0126285
63.829333333,0.0122104
63.840000000,0.0117538
63.850666667,0.0110317
63.861333333,0.0107019
63.872000000,0.0115729
63.882666667,0.0120616
63.893333333,0.0106877
63.904000000,0.00968131
63.914666667,0.00993228
63.925333333,0.0101582
63.936000000,0.0093135
63.946666667,0.00789455
63.957333333,0.00660675
63.968000000,0.00536708
63.978666667,0.00572938
63.989333333,0.0088283
64.000000000,0.0120705
64.010666667,0.0135968
64.021333333,0.0130866
64.032000000,0.0124604
64.042666667,0.011534
64.053333333,0.0105685
64.064000000,0.00906576
64.074666667,0.00637276
64.085333333,0.00574989
64.096000000,0.00454721
64.106666667,0.00379572
64.117333333,0.00495328
64.128000000,0.0047362
64.138666667,0.00342093
64.149333333,0.00307185
64.160000000,0.00354671
64.170666667,0.00347522
64.181333333,0.00248339
64.192000000,0.00173483
64.202666667,0.00144671
64.213333333,0.00156084
64.224000000,0.00245862
64.234666667,0.00298311
64.245333333,0.00268687
64.256000000,0.00248939
64.266666667,0.00234813
64.277333333,0.00199371
64.288000000,0.00178154
64.298666667,0.00162753
64.309333333,0.00153336
64.320000000,0.00159107
64.330666667,0.00841533
64.341333333,0.0142736
64.352000000,0.0171654
64.362666667,0.0158593
64.373333333,0.0138202
64.384000000,0.0159544
64.394666667,0.0182486
64.405333333,0.0181014
64.416000000,0.0161767
64.426666667,0.0142369
64.437333333,0.0140681
64.448000000,0.0164022
64.458666667,0.0185349
64.469333333,0.0187928
64.480000000,0.0188051
64.490666667,0.0180246
64.501333333,0.0160959
64.512000000,0.0164835
64.522666667,0.017272
64.533333333,0.0182124
64.544000000,0.0174284
64.554666667,0.0147884
64.565333333,0.0147038
64.576000000,0.0175255
64.586666667,0.0197657
64.597333333,0.0232551
64.608000000,0.0213683
64.618666667,0.0114521
64.629333333,0.00532186
64.640000000,0.00464064
64.650666667,0.00497756
64.661333333,0.00466491
64.672000000,0.00408426
64.682666667,0.00369306
64.693333333,0.00347144
64.704000000,0.00335313
64.714666667,0.00315173
64.725333333,0.00367525
64.736000000,0.00417428
64.746666667,0.00381249
64.757333333,0.00511327
64.768000000,0.0107059
64.778666667,0.013943
64.789333333,0.0127672
64.800000000,0.0117301
64.810666667,0.0127589
64.821333333,0.0124383
64.832000000,0.0117273
64.842666667,0.0114985
64.853333333,0.0110486
64.864000000,0.0118863
64.874666667,0.0136882
64.885333333,0.0141881
64.896000000,0.0133932
64.906666667,0.0132582
64.917333333,0.0140588
64.928000000,0.013962
64.938666667,0.0144374
64.949333333,0.0154222
64.960000000,0.0151192
64.970666667,0.0148228
64.981333333,0.0137165
64.992000000,0.0112659
65.002666667,0.00795064
65.013333333,0.00656397
65.024000000,0.0064531
65.034666667,0.00463067
65.045333333,0.00349797
65.056000000,0.00284558
65.066666667,0.00235557
65.077333333,0.00352359
65.088000000,0.0043592
65.098666667,0.00422825
65.109333333,0.00367535
65.120000000,0.00259662
65.130666667,0.00215517
65.141333333,0.00225828
65.152000000,0.00266582
65.162666667,0.00267748
65.173333333,0.00226086
65.184000000,0.00187084
65.194666667,0.00158852
65.205333333,0.00163567
65.216000000,0.00154454
65.226666667,0.00212852
65.237333333,0.00239144
65.248000000,0.00237909
65.258666667,0.0024185
65.269333333,0.00229671
65.280000000,0.00204276
65.290666667,0.00201602
65.301333333,0.00176645
65.312000000,0.00199038
65.322666667,0.00430694
65.333333333,0.00974314
65.344000000,0.0135444
65.354666667,0.0151103
65.365333333,0.0147208
65.376000000,0.013795
65.386666667,0.0144106
65.397333333,0.0154353
65.408000000,0.0158505
65.418666667,0.0149712
65.429333333,0.0139926
65.440000000,0.0132025
65.450666667,0.0153673
65.461333333,0.01804
65.472000000,0.0199462
65.482666667,0.0198026
65.493333333,0.0175032
65.504000000,0.0159443
65.514666667,0.0152031
65.525333333,0.0155577
65.536000000,0.0146963
65.546666667,0.0131242
65.557333333,0.0109091
65.568000000,0.00666371
65.578666667,0.00223685
65.589333333,0.00153279
65.600000000,0.00212637
65.610666667,0.00244832
65.621333333,0.00287312
65.632000000,0.00324286
65.642666667,0.00312699
65.653333333,0.00281188
65.664000000,0.00257565
65.674666667,0.00219202
65.685333333,0.00180424
65.696000000,0.00202001
65.706666667,0.00192258
65.717333333,0.00197566
65.728000000,0.00272724
65.738666667,0.00339027
65.749333333,0.00339898
65.760000000,0.00340522
65.770666667,0.00319708
65.781333333,0.0064209
65.792000000,0.0143194
65.802666667,0.0213752
65.813333333,0.021572
65.824000000,0.0175096
65.834666667,0.0156159
65.845333333,0.0155686
65.856000000,0.0172257
65.866666667,0.0170324
65.877333333,0.0166716
65.888000000,0.020666
65.898666667,0.0240011
65.909333333,0.0226907
65.920000000,0.0218196
65.930666667,0.0225973
65.941333333,0.0192445
65.952000000,0.0168952
65.962666667,0.0179763
65.973333333,0.0157627
65.984000000,0.0130157
65.994666667,0.0119564
66.005333333,0.00960438
66.016000000,0.00745699
66.026666667,0.00628894
66.037333333,0.00510279
66.048000000,0.00419099
66.058666667,0.00510733
66.069333333,0.00971583
66.080000000,0.0177001
66.090666667,0.0231564
66.101333333,0.0257047
66.112000000,0.0267555
66.122666667,0.0237242
66.133333333,0.0202684
66.144000000,0.0190794
66.154666667,0.0173924
66.165333333,0.0181247
66.176000000,0.0196504
66.186666667,0.0208528
66.197333333,0.0214869
66.208000000,0.0195931
66.218666667,0.0156609
66.229333333,0.011199
66.240000000,0.00846485
66.250666667,0.00729714
66.261333333,0.00585429
66.272000000,0.00429417
66.282666667,0.00331151
66.293333333,0.00308534
66.304000000,0.00213181
66.314666667,0.00178924
66.325333333,0.00259789
66.336000000,0.00269853
66.346666667,0.00168037
66.357333333,0.00245493
66.368000000,0.00289261
66.378666667,0.00266055
66.389333333,0.00265391
66.400000000,0.00282193
66.410666667,0.00283425
66.421333333,0.00241199
66.432000000,0.00220409
66.442666667,0.00208403
66.453333333,0.00194444
66.464000000,0.00184955
66.474666667,0.0026911
66.485333333,0.00378462
66.496000000,0.00379601
66.506666667,0.00336699
66.517333333,0.0032227
66.528000000,0.00305485
66.538666667,0.00252975
66.549333333,0.00203042
66.560000000,0.00184822
66.570666667,0.0015627
66.581333333,0.00149805
66.592000000,0.00159844
66.602666667,0.00253732
66.613333333,0.00577919
66.624000000,0.00665405
66.634666667,0.00653368
66.645333333,0.00653978
66.656000000,0.00536627
66.666666667,0.00490559
66.677333333,0.00433272
66.688000000,0.00394974
66.698666667,0.0036688
66.709333333,0.00312334
66.720000000,0.0031294
66.730666667,0.00325345
66.741333333,0.00340371
66.752000000,0.00328083
66.762666667,0.00323933
66.773333333,0.00339682
66.784000000,0.00300957
66.794666667,0.00297236
66.805333333,0.00300022
66.816000000,0.0027321
66.826666667,0.0026724
66.837333333,0.0153377
66.848000000,0.022132
66.858666667,0.020664
66.869333333,0.0163187
66.880000000,0.0126582
66.890666667,0.0104682
66.901333333,0.0122257
66.912000000,0.0148988
66.922666667,0.0136262
66.933333333,0.0106131
66.944000000,0.00745826
66.954666667,0.00347682
66.965333333,0.00193265
66.976000000,0.00252075
66.986666667,0.00310637
66.997333333,0.00280347
67.008000000,0.00266256
67.018666667,0.00262557
67.029333333,0.0025152
67.040000000,0.00274108
67.050666667,0.00290458
67.061333333,0.00301223
67.072000000,0.00331618
67.082666667,0.00329974
67.093333333,0.00920823
67.104000000,0.017723
67.114666667,0.0200452
67.125333333,0.016913
67.136000000,0.0135356
67.146666667,0.0100335
67.157333333,0.00666185
67.168000000,0.00359972
67.178666667,0.00256738
67.189333333,0.00214789
67.200000000,0.00356279
67.210666667,0.00545004
67.221333333,0.00577995
67.232000000,0.00446328
67.242666667,0.00324339
67.253333333,0.00291201
67.264000000,0.00273859
67.274666667,0.00237565
67.285333333,0.00192083
67.296000000,0.00185233
67.306666667,0.00188573
67.317333333,0.00194418
67.328000000,0.00774456
67.338666667,0.0130375
67.349333333,0.011762
67.360000000,0.00651731
67.370666667,0.00502125
67.381333333,0.00445384
67.392000000,0.00438798
67.402666667,0.00406634
67.413333333,0.00379013
67.424000000,0.00836548
67.434666667,0.0174618
67.445333333,0.0251536
67.456000000,0.0288838
67.466666667,0.0309424
67.477333333,0.0299701
67.488000000,0.0230809
67.498666667,0.013618
67.509333333,0.00656897
67.520000000,0.00342854
67.530666667,0.00319987
67.541333333,0.00299985
67.552000000,0.00265645
67.562666667,0.00263656
67.573333333,0.00250741
67.584000000,0.00341748
67.594666667,0.00912974
67.605333333,0.0170445
67.616000000,0.0217626
67.626666667,0.0221698
67.637333333,0.0172117
67.648000000,0.00820899
67.658666667,0.00309118
67.669333333,0.0028032
67.680000000,0.0025961
67.690666667,0.00239672
67.701333333,0.00201982
67.712000000,0.0018592
67.722666667,0.00224039
67.733333333,0.00360198
67.744000000,0.0103246
67.754666667,0.016283
67.765333333,0.0186375
67.776000000,0.0192806
67.786666667,0.0166278
67.797333333,0.0114503
67.808000000,0.0120401
67.818666667,0.0130856
67.829333333,0.0128711
67.840000000,0.0148215
67.850666667,0.0159271
67.861333333,0.0129436
67.872000000,0.00730073
67.882666667,0.00466648
67.893333333,0.00524573
67.904000000,0.00566228
67.914666667,0.00550929
67.925333333,0.00610897
67.936000000,0.00665927
67.946666667,0.00718582
67.957333333,0.00659458
67.968000000,0.00601623
67.978666667,0.0138414
67.989333333,0.0204274
68.000000000,0.0227283
68.010666667,0.022779
68.021333333,0.0225472
68.032000000,0.0217547
68.042666667,0.0201777
68.053333333,0.0207345
68.064000000,0.019365
68.074666667,0.0166789
68.085333333,0.0182468
68.096000000,0.0191068
68.106666667,0.0189989
68.117333333,0.0201181
68.128000000,0.0210374
68.138666667,0.0214651
68.149333333,0.0216454
68.160000000,0.0211844
68.170666667,0.0196918
68.181333333,0.0182104
68.192000000,0.0141555
68.202666667,0.00744699
68.213333333,0.00485177
68.224000000,0.00541799
68.234666667,0.00528256
68.245333333,0.00441139
68.256000000,0.00406625
68.266666667,0.00330315
68.277333333,0.00299111
68.288000000,0.00238821
68.298666667,0.00943909
68.309333333,0.0149018
68.320000000,0.0175507
68.330666667,0.018277
68.341333333,0.0186914
68.352000000,0.0203122
68.362666667,0.0202709
68.373333333,0.0166993
68.384000000,0.00999638
68.394666667,0.00345196
68.405333333,0.00271847
68.416000000,0.00231459
68.426666667,0.00195008
68.437333333,0.00198218
68.448000000,0.00169347
68.458666667,0.0011022
68.469333333,0.00134633
68.480000000,0.00516354
68.490666667,0.0120093
68.501333333,0.0166567
68.512000000,0.0190036
68.522666667,0.0188239
68.533333333,0.01571
68.544000000,0.0140215
68.554666667,0.0151946
68.565333333,0.0162875
68.576000000,0.0162886
68.586666667,0.0160818
68.597333333,0.0164118
68.608000000,0.0164501
68.618666667,0.0161918
68.629333333,0.0154924
68.640000000,0.0157068
68.650666667,0.0179286
68.661333333,0.0183881
68.672000000,0.0176228
68.682666667,0.0176106
68.693333333,0.0185394
68.704000000,0.022502
68.714666667,0.0261392
68.725333333,0.0236123
68.736000000,0.0204041
68.746666667,0.0256247
68.757333333,0.0298985
68.768000000,0.0299297
68.778666667,0.0303614
68.789333333,0.0328542
68.800000000,0.0348301
68.810666667,0.0326705
68.821333333,0.0314475
68.832000000,0.0364012
68.842666667,0.0361058
68.853333333,0.0320141
68.864000000,0.0406001
68.874666667,0.046483
68.885333333,0.0497429
68.896000000,0.0560858
68.906666667,0.0511929
68.917333333,0.0571086
68.928000000,0.0669218
68.938666667,0.0619077
68.949333333,0.068806
68.960000000,0.0708618
68.970666667,0.0577063
68.981333333,0.0528057
68.992000000,0.0555691
69.002666667,0.0539011
69.013333333,0.0436413
69.024000000,0.0382101
69.034666667,0.0509841
69.045333333,0.0568149
69.056000000,0.051983
69.066666667,0.0518828
69.077333333,0.0515804
69.088000000,0.0477003
69.098666667,0.0504397
69.109333333,0.045201
69.120000000,0.03626
69.130666667,0.036371
69.141333333,0.0325379
69.152000000,0.0336547
69.162666667,0.0354178
69.173333333,0.0352736
69.184000000,0.0363786
69.194666667,0.0395428
69.205333333,0.0369273
69.216000000,0.0508254
69.226666667,0.0645198
69.237333333,0.0516235
69.248000000,0.0476033
69.258666667,0.0492372
69.269333333,0.0343251
69.280000000,0.0294347
69.290666667,0.0325855
69.301333333,0.0401743
69.312000000,0.0325932
69.322666667,0.0209464
69.333333333,0.0238881
69.344000000,0.0239873
69.354666667,0.0228371
69.365333333,0.0194268
69.376000000,0.0176115
69.386666667,0.0278657
69.397333333,0.0432475
69.408000000,0.0395441
69.418666667,0.0236316
69.429333333,0.0173698
69.440000000,0.0191275
69.450666667,0.0287501
69.461333333,0.0301427
69.472000000,0.0201582
69.482666667,0.0113751
69.493333333,0.012089
69.504000000,0.0140066
69.514666667,0.021251
69.525333333,0.0223063
69.536000000,0.0156905
69.546666667,0.0142151
69.557333333,0.0150802
69.568000000,0.0166808
69.578666667,0.0156261
69.589333333,0.0121521
69.600000000,0.0140631
69.610666667,0.0174484
69.621333333,0.0164741
69.632000000,0.012485
69.642666667,0.0114315
69.653333333,0.0160041
69.664000000,0.0214094
69.674666667,0.0208992
69.685333333,0.0156127
69.696000000,0.0148834
69.706666667,0.0227478
69.717333333,0.0238445
69.728000000,0.0159184
69.738666667,0.015244
69.749333333,0.0188797
69.760000000,0.0162173
69.770666667,0.0121566
69.781333333,0.0131532
69.792000000,0.0153159
69.802666667,0.0169881
69.813333333,0.0171156
69.824000000,0.0149989
69.834666667,0.0162839
69.845333333,0.0170066
69.856000000,0.0140652
69.866666667,0.0130021
69.877333333,0.0142541
69.888000000,0.014702
69.898666667,0.0129805
69.909333333,0.0119073
69.920000000,0.0123352
69.930666667,0.0116666
69.941333333,0.00945621
69.952000000,0.00962435
69.962666667,0.0110626
69.973333333,0.00950568
69.984000000,0.00713497
69.994666667,0.00636047
70.005333333,0.00566502
70.016000000,0.00472254
70.026666667,0.00681997
70.037333333,0.0133637
70.048000000,0.0181455
70.058666667,0.0189723
70.069333333,0.0175414
70.080000000,0.0160444
70.090666667,0.0162509
70.101333333,0.015805
70.112000000,0.0138074
70.122666667,0.012299
70.133333333,0.0109984
70.144000000,0.0107391
70.154666667,0.0104906
70.165333333,0.0108306
70.176000000,0.0120926
70.186666667,0.011766
70.197333333,0.0115096
70.208000000,0.0126916
70.218666667,0.0122331
70.229333333,0.0103107
70.240000000,0.00976157
70.250666667,0.0103672
70.261333333,0.0115517
70.272000000,0.0117117
70.282666667,0.0114225
70.293333333,0.0111089
70.304000000,0.0102839
70.314666667,0.0099429
70.325333333,0.010273
70.336000000,0.0108792
70.346666667,0.00998419
70.357333333,0.00835848
70.368000000,0.00794419
70.378666667,0.0079056
70.389333333,0.00812972
70.400000000,0.00926471
70.410666667,0.0100323
70.421333333,0.00932282
70.432000000,0.00913011
70.442666667,0.00965021
70.453333333,0.0108395
70.464000000,0.0105019
70.474666667,0.0112319
70.485333333,0.011214
70.496000000,0.00904699
70.506666667,0.00942574
70.517333333,0.00985663
70.528000000,0.0109713
70.538666667,0.011524
70.549333333,0.0103742
70.560000000,0.00984505
70.570666667,0.00959055
70.581333333,0.0091695
70.592000000,0.0105568
70.602666667,0.0101946
70.613333333,0.0084526
70.624000000,0.00770431
70.634666667,0.00807317
70.645333333,0.0082344
70.656000000,0.00678344
70.666666667,0.00579544
70.677333333,0.00467277
70.688000000,0.0043371
70.698666667,0.00470883
70.709333333,0.00502768
70.720000000,0.00482691
70.730666667,0.0046161
70.741333333,0.00494721
70.752000000,0.00549315
70.762666667,0.00491161
70.773333333,0.00387894
70.784000000,0.0041326
70.794666667,0.00403281
70.805333333,0.00400015
70.816000000,0.00513632
70.826666667,0.0054475
70.837333333,0.00448846
70.848000000,0.00570463
70.858666667,0.00589669
70.869333333,0.00476979
70.880000000,0.00528264
70.890666667,0.00470153
70.901333333,0.00436503
70.912000000,0.00514296
70.922666667,0.00461019
70.933333333,0.00459583
70.944000000,0.00424121
70.954666667,0.00410188
70.965333333,0.00448932
70.976000000,0.00517231
70.986666667,0.00593607
70.997333333,0.00504825
71.008000000,0.00529627
71.018666667,0.00538258
71.029333333,0.00501395
71.040000000,0.00530715
71.050666667,0.010519
71.061333333,0.0143118
71.072000000,0.0154312
71.082666667,0.0151456
71.093333333,0.0141128
71.104000000,0.0145466
71.114666667,0.0147073
71.125333333,0.0145939
71.136000000,0.0127077
71.146666667,0.00904111
71.157333333,0.00793431
71.168000000,0.0100558
71.178666667,0.0110482
71.189333333,0.0110872
71.200000000,0.0116149
71.210666667,0.0123071
71.221333333,0.0135468
71.232000000,0.0134899
71.242666667,0.0116497
71.253333333,0.00991874
71.264000000,0.00914941
71.274666667,0.00816803
71.285333333,0.00686432
71.296000000,0.00668172
71.306666667,0.00912894
71.317333333,0.0105558
71.328000000,0.0117397
71.338666667,0.013731
71.349333333,0.0132209
71.360000000,0.0133407
71.370666667,0.0144946
71.381333333,0.0143534
71.392000000,0.0150418
71.402666667,0.0155698
71.413333333,0.0147796
71.424000000,0.0129723
71.434666667,0.0129149
71.445333333,0.0135401
71.456000000,0.0116091
71.466666667,0.0103075
71.477333333,0.00996114
71.488000000,0.00893939
71.498666667,0.00829488
71.509333333,0.00793301
71.520000000,0.00722763
71.530666667,0.00585009
71.541333333,0.00527445
71.552000000,0.00544514
71.562666667,0.00622107
71.573333333,0.00774639
71.584000000,0.00925594
71.594666667,0.0106212
71.605333333,0.0114439
71.616000000,0.0110013
71.626666667,0.0108283
71.637333333,0.0118576
71.648000000,0.0130296
71.658666667,0.0143884
71.669333333,0.0160656
71.680000000,0.0166326
71.690666667,0.0157816
71.701333333,0.0140291
71.712000000,0.0115974
71.722666667,0.00993887
71.733333333,0.00824866
71.744000000,0.00654574
71.754666667,0.00593631
71.765333333,0.00451202
71.776000000,0.00287451
71.786666667,0.00246516
71.797333333,0.00225438
71.808000000,0.00186401
71.818666667,0.00197347
71.829333333,0.00175464
71.840000000,0.00139641
71.850666667,0.0021015
71.861333333,0.00215456
71.872000000,0.00155469
71.882666667,0.00158399
71.893333333,0.00376239
71.904000000,0.00855404
71.914666667,0.0109666
71.925333333,0.0135539
71.936000000,0.0184767
71.946666667,0.0195092
71.957333333,0.0193731
71.968000000,0.0195588
71.978666667,0.0191314
71.989333333,0.0190124
72.000000000,0.0167756
72.010666667,0.0138378
72.021333333,0.0099461
72.032000000,0.00531917
72.042666667,0.00273218
72.053333333,0.00222174
72.064000000,0.00200633
72.074666667,0.00185958
72.085333333,0.00456385
72.096000000,0.00861919
72.106666667,0.0119153
72.117333333,0.01331
72.128000000,0.0142783
72.138666667,0.0137072
72.149333333,0.0141248
72.160000000,0.0155627
72.170666667,0.0154126
72.181333333,0.0147499
72.192000000,0.0153106
72.202666667,0.0149503
72.213333333,0.0125434
72.224000000,0.0131018
72.234666667,0.01296
72.245333333,0.0133442
72.256000000,0.012362
72.266666667,0.00799068
72.277333333,0.00536161
72.288000000,0.00333104
72.298666667,0.00253064
72.309333333,0.00187678
72.320000000,0.00181118
72.330666667,0.00168691
72.341333333,0.00468531
72.352000000,0.0063466
72.362666667,0.00482022
72.373333333,0.00271146
72.384000000,0.00245352
72.394666667,0.00318677
72.405333333,0.00494792
72.416000000,0.00933537
72.426666667,0.011794
72.437333333,0.0124811
72.448000000,0.0130355
72.458666667,0.0110954
72.469333333,0.0100662
72.480000000,0.00980159
72.490666667,0.0104313
72.501333333,0.0111007
72.512000000,0.00940521
72.522666667,0.00935243
72.533333333,0.0091833
72.544000000,0.00980663
72.554666667,0.00982358
72.565333333,0.00848784
72.576000000,0.0076673
72.586666667,0.00813633
72.597333333,0.00862978
72.608000000,0.0091238
72.618666667,0.00872478
72.629333333,0.00750956
72.640000000,0.00832384
72.650666667,0.0088503
72.661333333,0.00850694
72.672000000,0.00844766
72.682666667,0.00913945
72.693333333,0.00884802
72.704000000,0.0082393
72.714666667,0.00933026
72.725333333,0.0101479
72.736000000,0.0118096
72.746666667,0.0125884
72.757333333,0.0116105
72.768000000,0.0131093
72.778666667,0.0118085
72.789333333,0.0106421
72.800000000,0.0112524
72.810666667,0.0106573
72.821333333,0.0121017
72.832000000,0.0119312
72.842666667,0.0133132
72.853333333,0.0147504
72.864000000,0.013134
72.874666667,0.0121905
72.885333333,0.0109493
72.896000000,0.00722716
72.906666667,0.0038306
72.917333333,0.00248001
72.928000000,0.00180159
72.938666667,0.00170477
72.949333333,0.00214897
72.960000000,0.00199998
72.970666667,0.00210512
72.981333333,0.0030903
72.992000000,0.00286686
73.002666667,0.00209816
73.013333333,0.00200917
73.024000000,0.00200809
73.034666667,0.00193892
73.045333333,0.00170933
73.056000000,0.0015354
73.066666667,0.00231324
73.077333333,0.00286359
73.088000000,0.00753459
73.098666667,0.0125126
73.109333333,0.0124676
73.120000000,0.00963628
73.130666667,0.00947665
73.141333333,0.00896227
73.152000000,0.00831612
73.162666667,0.00984375
73.173333333,0.00978809
73.184000000,0.0088887
73.194666667,0.00958029
73.205333333,0.00945935
73.216000000,0.00764279
73.226666667,0.00848371
73.237333333,0.00958269
73.248000000,0.009499
73.258666667,0.00892538
73.269333333,0.00785342
73.280000000,0.00705206
73.290666667,0.00859012
73.301333333,0.0101342
73.312000000,0.00867844
73.322666667,0.00890517
73.333333333,0.00996372
73.344000000,0.00914709
73.354666667,0.00877975
73.365333333,0.0077789
73.376000000,0.00771288
73.386666667,0.00804644
73.397333333,0.00740637
73.408000000,0.00627296
73.418666667,0.00415286
73.429333333,0.00604353
73.440000000,0.00741894
73.450666667,0.00683895
73.461333333,0.0051621
73.472000000,0.00710461
73.482666667,0.00778261
73.493333333,0.00856226
73.504000000,0.00857406
73.514666667,0.00661196
73.525333333,0.00594185
73.536000000,0.0039389
73.546666667,0.00321188
73.557333333,0.00299097
73.568000000,0.00220855
73.578666667,0.0018907
73.589333333,0.00166137
73.600000000,0.00250885
73.610666667,0.00282386
73.621333333,0.00197891
73.632000000,0.00159903
73.642666667,0.00197723
73.653333333,0.00208793
73.664000000,0.00225647
73.674666667,0.00234825
73.685333333,0.00214827
73.696000000,0.00182978
73.706666667,0.00155471
73.717333333,0.00147164
73.728000000,0.00231506
73.738666667,0.0025218
73.749333333,0.00204357
73.760000000,0.00208168
73.770666667,0.00213633
73.781333333,0.00208829
73.792000000,0.00222852
73.802666667,0.00221393
73.813333333,0.00188367
73.824000000,0.00162708
73.834666667,0.00190965
73.845333333,0.020021
73.856000000,0.0327628
73.866666667,0.0332761
73.877333333,0.0214458
73.888000000,0.00868822
73.898666667,0.0100366
73.909333333,0.00874355
73.920000000,0.00633569
73.930666667,0.00610714
73.941333333,0.00552501
73.952000000,0.00350915
73.962666667,0.00232477
73.973333333,0.00268927
73.984000000,0.00276329
73.994666667,0.0025654
74.005333333,0.00253377
74.016000000,0.00226194
74.026666667,0.00190146
74.037333333,0.0016266
74.048000000,0.00139604
74.058666667,0.00154488
74.069333333,0.00152523
74.080000000,0.00129876
74.090666667,0.00128531
74.101333333,0.00208896
74.112000000,0.00321142
74.122666667,0.00345938
74.133333333,0.00371677
74.144000000,0.00483957
74.154666667,0.00509661
74.165333333,0.00572836
74.176000000,0.0104777
74.186666667,0.0142911
74.197333333,0.0172558
74.208000000,0.0193101
74.218666667,0.021707
74.229333333,0.0238781
74.240000000,0.0255008
74.250666667,0.0269073
74.261333333,0.0210861
74.272000000,0.0106135
74.282666667,0.00734075
74.293333333,0.00578331
74.304000000,0.00422421
74.314666667,0.00395508
74.325333333,0.00346847
74.336000000,0.00753628
74.346666667,0.0155311
74.357333333,0.0196084
74.368000000,0.0186502
74.378666667,0.0178998
74.389333333,0.0178163
74.400000000,0.0209452
74.410666667,0.0223146
74.421333333,0.0213863
74.432000000,0.0218727
74.442666667,0.0215078
74.453333333,0.0224043
74.464000000,0.0214708
74.474666667,0.0213328
74.485333333,0.0205952
74.496000000,0.0197361
74.506666667,0.0203121
74.517333333,0.0190998
74.528000000,0.0198412
74.538666667,0.0189204
74.549333333,0.0185925
74.560000000,0.0174702
74.570666667,0.0132062
74.581333333,0.00888549
74.592000000,0.00602621
74.602666667,0.0207077
74.613333333,0.0237416
74.624000000,0.017478
74.634666667,0.0140186
74.645333333,0.0133578
74.656000000,0.0171481
74.666666667,0.0174165
74.677333333,0.016976
74.688000000,0.0172511
74.698666667,0.0161781
74.709333333,0.0138487
74.720000000,0.013871
74.730666667,0.0139563
74.741333333,0.0117907
74.752000000,0.010543
74.762666667,0.0093355
74.773333333,0.00818674
74.784000000,0.00926743
74.794666667,0.0095489
74.805333333,0.00975009
74.816000000,0.0132194
74.826666667,0.0140804
74.837333333,0.0152732
74.848000000,0.0168242
74.858666667,0.0155257
74.869333333,0.0157435
74.880000000,0.0154284
74.890666667,0.0132124
74.901333333,0.0142072
74.912000000,0.0142099
74.922666667,0.0123575
74.933333333,0.0123564
74.944000000,0.0127305
74.954666667,0.0117748
74.965333333,0.00959457
74.976000000,0.012181
74.986666667,0.0126672
74.997333333,0.00896344
75.008000000,0.00786407
75.018666667,0.00748133
75.029333333,0.0071212
75.040000000,0.0069594
75.050666667,0.00612172
75.061333333,0.00491366
75.072000000,0.00446268
75.082666667,0.00425321
75.093333333,0.00402198
75.104000000,0.00485055
75.114666667,0.00510158
75.125333333,0.0043715
75.136000000,0.00454006
75.146666667,0.00477345
75.157333333,0.00494016
75.168000000,0.00478936
75.178666667,0.00566865
75.189333333,0.00853935
75.200000000,0.014709
75.210666667,0.0215375
75.221333333,0.0340008
75.232000000,0.0525178
75.242666667,0.0621176
75.253333333,0.0586434
75.264000000,0.052757
75.274666667,0.0467363
75.285333333,0.0420838
75.296000000,0.041374
75.306666667,0.0390485
75.317333333,0.0523815
75.328000000,0.0577912
75.338666667,0.0507817
75.349333333,0.0619302
75.360000000,0.055486
75.370666667,0.0496266
75.381333333,0.0509101
75.392000000,0.0405462
75.402666667,0.0441945
75.413333333,0.0469656
75.424000000,0.0514171
75.434666667,0.0474113
75.445333333,0.0348811
75.456000000,0.0323038
75.466666667,0.0435987
75.477333333,0.0467061
75.488000000,0.0491445
75.498666667,0.0479532
75.509333333,0.0411024
75.520000000,0.041103
75.530666667,0.0365977
75.541333333,0.0367594
75.552000000,0.0504419
75.562666667,0.0571133
75.573333333,0.0507834
75.584000000,0.0449909
75.594666667,0.0427678
75.605333333,0.0482784
75.616000000,0.0452775
75.626666667,0.0371862
75.637333333,0.0435616
75.648000000,0.0424126
75.658666667,0.041532
75.669333333,0.0412537
75.680000000,0.0347275
75.690666667,0.0339315
75.701333333,0.0421024
75.712000000,0.0487928
75.722666667,0.0486877
75.733333333,0.0504344
75.744000000,0.0464291
75.754666667,0.0402292
75.765333333,0.0431687
75.776000000,0.0448506
75.786666667,0.0449867
75.797333333,0.0452075
75.808000000,0.045272
75.818666667,0.0398475
75.829333333,0.0405411
75.840000000,0.043571
75.850666667,0.0483959
75.861333333,0.0465725
75.872000000,0.0406699
75.882666667,0.045146
75.893333333,0.0496268
75.904000000,0.0478471
75.914666667,0.0490369
75.925333333,0.0488111
75.936000000,0.0446185
75.946666667,0.0490496
75.957333333,0.0448844
75.968000000,0.0397464
75.978666667,0.0442248
75.989333333,0.0479169
76.000000000,0.0483211
76.010666667,0.0500779
76.021333333,0.0601087
76.032000000,0.0570656
76.042666667,0.0449397
76.053333333,0.041779
76.064000000,0.0398959
76.074666667,0.0379693
76.085333333,0.0351424
76.096000000,0.043634
76.106666667,0.0560518
76.117333333,0.0596037
76.128000000,0.0546599
76.138666667,0.0470662
76.149333333,0.0410987
76.160000000,0.0437938
76.170666667,0.0514993
76.181333333,0.0503735
76.192000000,0.0407136
76.202666667,0.0363635
76.213333333,0.0373386
76.224000000,0.0423192
76.234666667,0.0431607
76.245333333,0.0441845
76.256000000,0.0465346
76.266666667,0.0398689
76.277333333,0.0325059
76.288000000,0.0314398
76.298666667,0.0372734
76.309333333,0.0349331
76.320000000,0.0354527
76.330666667,0.0361237
76.341333333,0.0288371
76.352000000,0.0287487
76.362666667,0.0267812
76.373333333,0.023128
76.384000000,0.0240228
76.394666667,0.0293129
76.405333333,0.0317279
76.416000000,0.0332825
76.426666667,0.0332269
76.437333333,0.0295309
76.448000000,0.028612
76.458666667,0.0316059
76.469333333,0.0371656
76.480000000,0.0448847
76.490666667,0.0431193
76.501333333,0.0378101
76.512000000,0.0373545
76.522666667,0.035971
76.533333333,0.0316981
76.544000000,0.0293123
76.554666667,0.0373795
76.565333333,0.0361376
76.576000000,0.0282768
76.586666667,0.0294296
76.597333333,0.0329136
76.608000000,0.0325262
76.618666667,0.0295491
76.629333333,0.0320498
76.640000000,0.0427832
76.650666667,0.0438083
76.661333333,0.0388277
76.672000000,0.0375679
76.682666667,0.0301263
76.693333333,0.030594
76.704000000,0.0349947
76.714666667,0.0343414
76.725333333,0.0355901
76.736000000,0.0384507
76.746666667,0.0380196
76.757333333,0.0339522
76.768000000,0.0268213
76.778666667,0.0270487
76.789333333,0.0330625
76.800000000,0.0388604
76.810666667,0.0418142
76.821333333,0.0374506
76.832000000,0.036148
76.842666667,0.03618
76.853333333,0.0412175
76.864000000,0.0427505
76.874666667,0.0402487
76.885333333,0.0427378
76.896000000,0.039049
76.906666667,0.0361833
76.917333333,0.0362975
76.928000000,0.0316509
76.938666667,0.0298083
76.949333333,0.0355872
76.960000000,0.0392853
76.970666667,0.0424799
76.981333333,0.0538146
76.992000000,0.060605
77.002666667,0.0517713
77.013333333,0.042031
77.024000000,0.0458671
77.034666667,0.0461857
77.045333333,0.0426962
77.056000000,0.0450678
77.066666667,0.0428667
77.077333333,0.034726
77.088000000,0.0374229
77.098666667,0.044648
77.109333333,0.0414542
77.120000000,0.0342681
77.130666667,0.0393501
77.141333333,0.0448487
77.152000000,0.0457228
77.162666667,0.0453315
77.173333333,0.0397316
77.184000000,0.0404606
77.194666667,0.0448324
77.205333333,0.04485
77.216000000,0.0393299
77.226666667,0.0409115
77.237333333,0.0495619
77.248000000,0.0470535
77.258666667,0.0458366
77.269333333,0.0457056
77.280000000,0.040459
77.290666667,0.036163
77.301333333,0.0458402
77.312000000,0.05797
77.322666667,0.0500865
77.333333333,0.0407106
77.344000000,0.0407825
77.354666667,0.0369979
77.365333333,0.0436061
77.376000000,0.042035
77.386666667,0.0441119
77.397333333,0.0465381
77.408000000,0.0427885
77.418666667,0.0448363
77.429333333,0.0419498
77.440000000,0.0397757
77.450666667,0.0410506
77.461333333,0.038665
77.472000000,0.037792
77.482666667,0.0421607
77.493333333,0.0400095
77.504000000,0.0379169
77.514666667,0.0374321
77.525333333,0.0378126
77.536000000,0.0417694
77.546666667,0.0395384
77.557333333,0.0388503
77.568000000,0.041169
77.578666667,0.0374449
77.589333333,0.0313036
77.600000000,0.0407203
77.610666667,0.0492656
77.621333333,0.0390398
77.632000000,0.0236221
77.642666667,0.0206419
77.653333333,0.018471
77.664000000,0.0137223
77.674666667,0.0139986
77.685333333,0.0143926
77.696000000,0.0116243
77.706666667,0.00932266
77.717333333,0.00889735
77.728000000,0.0097089
77.738666667,0.00912081
77.749333333,0.00756741
77.760000000,0.00719342
77.770666667,0.00759457
77.781333333,0.0141929
77.792000000,0.0199328
77.802666667,0.0232001
77.813333333,0.0234659
77.824000000,0.0212798
77.834666667,0.0194178
77.845333333,0.0158781
77.856000000,0.0111108
77.866666667,0.00800764
77.877333333,0.00634184
77.888000000,0.00459647
77.898666667,0.0039998
77.909333333,0.00385458
77.920000000,0.00361419
77.930666667,0.00335186
77.941333333,0.00360843
77.952000000,0.00364807
77.962666667,0.00905267
77.973333333,0.0183851
77.984000000,0.0323957
77.994666667,0.0330033
78.005333333,0.0267074
78.016000000,0.0260528
78.026666667,0.021472
78.037333333,0.0190352
78.048000000,0.0192653
78.058666667,0.0187064
78.069333333,0.0184384
78.080000000,0.0183182
78.090666667,0.0164517
78.101333333,0.0149545
78.112000000,0.0118843
78.122666667,0.00756277
78.133333333,0.00549189
78.144000000,0.00645198
78.154666667,0.00674883
78.165333333,0.0132123
78.176000000,0.0185598
78.186666667,0.0204061
78.197333333,0.0193343
78.208000000,0.0145788
78.218666667,0.0120483
78.229333333,0.0121937
78.240000000,0.0104251
78.250666667,0.00974544
78.261333333,0.0106437
78.272000000,0.00988542
78.282666667,0.0100593
78.293333333,0.013967
78.304000000,0.0159871
78.314666667,0.0142154
78.325333333,0.0121596
78.336000000,0.011401
78.346666667,0.0147212
78.357333333,0.0172764
78.368000000,0.0146665
78.378666667,0.0135975
78.389333333,0.0143803
78.400000000,0.0139146
78.410666667,0.0129708
78.421333333,0.0142228
78.432000000,0.0161197
78.442666667,0.0169679
78.453333333,0.0180687
78.464000000,0.0195322
78.474666667,0.0216777
78.485333333,0.0230572
78.496000000,0.0184408
78.506666667,0.0119624
78.517333333,0.0118428
78.528000000,0.0129414
78.538666667,0.0142502
78.549333333,0.0179258
78.560000000,0.0230615
78.570666667,0.0230554
78.581333333,0.0211346
78.592000000,0.0211938
78.602666667,0.0206914
78.613333333,0.0172134
78.624000000,0.0117528
78.634666667,0.00829583
78.645333333,0.00639921
78.656000000,0.00598022
78.666666667,0.00633034
78.677333333,0.00712325
78.688000000,0.00883858
78.698666667,0.0114237
78.709333333,0.0129676
78.720000000,0.0229661
78.730666667,0.0349393
78.741333333,0.0335582
78.752000000,0.0210329
78.762666667,0.0136325
78.773333333,0.0121026
78.784000000,0.00904816
78.794666667,0.0087022
78.805333333,0.00935553
78.816000000,0.007784
78.826666667,0.00546099
78.837333333,0.00464405
78.848000000,0.00538485
78.858666667,0.00473939
78.869333333,0.00460298
78.880000000,0.00588349
78.890666667,0.00638023
78.901333333,0.00701543
78.912000000,0.00753829
78.922666667,0.00698403
78.933333333,0.00628672
78.944000000,0.00644231
78.954666667,0.00630962
78.965333333,0.00715431
78.976000000,0.00752963
78.986666667,0.00592065
78.997333333,0.00399812
79.008000000,0.00324208
79.018666667,0.00306883
79.029333333,0.00247539
79.040000000,0.00228696
79.050666667,0.00204335
79.061333333,0.0016374
79.072000000,0.00154702
79.082666667,0.00193624
79.093333333,0.00690251
79.104000000,0.0106441
79.114666667,0.0101439
79.125333333,0.00973621
79.136000000,0.0104118
79.146666667,0.00881173
79.157333333,0.00901444
79.168000000,0.00825739
79.178666667,0.0053058
79.189333333,0.00543515
79.200000000,0.00540071
79.210666667,0.00649739
79.221333333,0.0120405
79.232000000,0.0152373
79.242666667,0.0152501
79.253333333,0.0166466
79.264000000,0.0199091
79.274666667,0.0225596
79.285333333,0.0224036
79.296000000,0.0214099
79.306666667,0.0224295
79.317333333,0.0220311
79.328000000,0.017337
79.338666667,0.0103704
79.349333333,0.00554435
79.360000000,0.00405722
79.370666667,0.0032814
79.381333333,0.00297777
79.392000000,0.00270961
79.402666667,0.00263055
79.413333333,0.0123618
79.424000000,0.0210706
79.434666667,0.0265462
79.445333333,0.0269992
79.456000000,0.0212172
79.466666667,0.0191398
79.477333333,0.031524
79.488000000,0.0328089
79.498666667,0.0253702
79.509333333,0.0241418
79.520000000,0.0183455
79.530666667,0.0133089
79.541333333,0.01228
79.552000000,0.00924948
79.562666667,0.00769474
79.573333333,0.00756517
79.584000000,0.00699606
79.594666667,0.00594722
79.605333333,0.0134275
79.616000000,0.0237797
79.626666667,0.0246456
79.637333333,0.0217814
79.648000000,0.0252797
79.658666667,0.0259214
79.669333333,0.0225209
79.680000000,0.0194738
79.690666667,0.0176056
79.701333333,0.0159132
79.712000000,0.0133915
79.722666667,0.0106998
79.733333333,0.00944137
79.744000000,0.00845834
79.754666667,0.00734767
79.765333333,0.00516681
79.776000000,0.00396836
79.786666667,0.0105656
79.797333333,0.0173304
79.808000000,0.0181335
79.818666667,0.0167155
79.829333333,0.0158366
79.840000000,0.0147296
79.850666667,0.0144179
79.861333333,0.0113277
79.872000000,0.0127848
79.882666667,0.0161734
79.893333333,0.0124366
79.904000000,0.0115163
79.914666667,0.0124027
79.925333333,0.00848491
79.936000000,0.00843285
79.946666667,0.00691102
79.957333333,0.00517977
79.968000000,0.00663409
79.978666667,0.00559305
79.989333333,0.00430681
80.000000000,0.00415332
80.010666667,0.00366576
80.021333333,0.0034943
80.032000000,0.0037349
80.042666667,0.00331695
80.053333333,0.00237207
80.064000000,0.00183926
80.074666667,0.00186069
80.085333333,0.00180361
80.096000000,0.00292226
80.106666667,0.00322239
80.117333333,0.00243435
80.128000000,0.00220142
80.138666667,0.00214604
80.149333333,0.00195678
80.160000000,0.00165285
80.170666667,0.00151033
80.181333333,0.00153901
80.192000000,0.00153911
80.202666667,0.00879515
80.213333333,0.0228846
80.224000000,0.0334878
80.234666667,0.0367031
80.245333333,0.032088
80.256000000,0.0237486
80.266666667,0.0212689
80.277333333,0.0189691
80.288000000,0.0176065
80.298666667,0.0207792
80.309333333,0.0196969
80.320000000,0.0157629
80.330666667,0.0151344
80.341333333,0.0175484
80.352000000,0.020063
80.362666667,0.0231643
80.373333333,0.0252805
80.384000000,0.0250443
80.394666667,0.0281231
80.405333333,0.0289758
80.416000000,0.0262427
80.426666667,0.0258521
80.437333333,0.0309992
80.448000000,0.0324637
80.458666667,0.0316575
80.469333333,0.034995
80.480000000,0.0323396
80.490666667,0.0309056
80.501333333,0.0311584
80.512000000,0.0294865
80.522666667,0.0300476
80.533333333,0.0314607
80.544000000,0.0325785
80.554666667,0.0334449
80.565333333,0.033832
80.576000000,0.033935
80.586666667,0.0348501
80.597333333,0.0410516
80.608000000,0.0407316
80.618666667,0.036838
80.629333333,0.0359002
80.640000000,0.0314239
80.650666667,0.0270502
80.661333333,0.0208531
80.672000000,0.0166916
80.682666667,0.0146636
80.693333333,0.0169296
80.704000000,0.0182204
80.714666667,0.0171516
80.725333333,0.0248122
80.736000000,0.029887
80.746666667,0.0321204
80.757333333,0.0338426
80.768000000,0.0335904
80.778666667,0.0335991
80.789333333,0.0335867
80.800000000,0.0334226
80.810666667,0.0302433
80.821333333,0.028189
80.832000000,0.0256219
80.842666667,0.0219479
80.853333333,0.0202943
80.864000000,0.0195002
80.874666667,0.0193561
80.885333333,0.0178461
80.896000000,0.0167093
80.906666667,0.0171847
80.917333333,0.0163359
80.928000000,0.0116337
80.938666667,0.0061324
80.949333333,0.0060955
80.960000000,0.00935215
80.970666667,0.0324339
80.981333333,0.0386405
80.992000000,0.0332886
81.002666667,0.0338587
81.013333333,0.0329472
81.024000000,0.0320519
81.034666667,0.0316953
81.045333333,0.0302511
81.056000000,0.0284545
81.066666667,0.028937
81.077333333,0.0314178
81.088000000,0.0296541
81.098666667,0.0258575
81.109333333,0.0279831
81.120000000,0.0236455
81.130666667,0.0135752
81.141333333,0.0124695
81.152000000,0.0172736
81.162666667,0.0241377
81.173333333,0.0334381
81.184000000,0.0327685
81.194666667,0.0237726
81.205333333,0.0219895
81.216000000,0.0310708
81.226666667,0.0617478
81.237333333,0.0689749
81.248000000,0.0688871
81.258666667,0.0743443
81.269333333,0.0595462
81.280000000,0.0529572
81.290666667,0.0480277
81.301333333,0.0505703
81.312000000,0.0653369
81.322666667,0.0578232
81.333333333,0.0391757
81.344000000,0.0382942
81.354666667,0.0492131
81.365333333,0.0577245
81.376000000,0.0678325
81.386666667,0.0655599
81.397333333,0.0457597
81.408000000,0.0355582
81.418666667,0.0409111
81.429333333,0.046109
81.440000000,0.0465423
81.450666667,0.0412642
81.461333333,0.0383415
81.472000000,0.0450334
81.482666667,0.0530179
81.493333333,0.0602181
81.504000000,0.0612645
81.514666667,0.0528192
81.525333333,0.0531594
81.536000000,0.053806
81.546666667,0.0522326
81.557333333,0.0500898
81.568000000,0.0479975
81.578666667,0.0497008
81.589333333,0.0444931
81.600000000,0.0420938
81.610666667,0.0456326
81.621333333,0.0475902
81.632000000,0.0493018
81.642666667,0.0454636
81.653333333,0.0460876
81.664000000,0.0493002
81.674666667,0.0446843
81.685333333,0.0521791
81.696000000,0.0517592
81.706666667,0.0525723
81.717333333,0.0627919
81.728000000,0.0559582
81.738666667,0.0604412
81.749333333,0.0687492
81.760000000,0.0576394
81.770666667,0.0623863
81.781333333,0.0674725
81.792000000,0.0553233
81.802666667,0.0487365
81.813333333,0.0482305
81.824000000,0.0400738
81.834666667,0.0337596
81.845333333,0.0362982
81.856000000,0.0323372
81.866666667,0.0309143
81.877333333,0.0353579
81.888000000,0.0415013
81.898666667,0.0397187
81.909333333,0.0313772
81.920000000,0.0325246
81.930666667,0.0444888
81.941333333,0.0499152
81.952000000,0.0531305
81.962666667,0.0538514
81.973333333,0.0552073
81.984000000,0.0574215
81.994666667,0.0519211
82.005333333,0.0496375
82.016000000,0.0566362
82.026666667,0.0596445
82.037333333,0.0624499
82.048000000,0.0688347
82.058666667,0.0591493
82.069333333,0.0422806
82.080000000,0.053336
82.090666667,0.056195
82.101333333,0.0529813
82.112000000,0.0543011
82.122666667,0.0430303
82.133333333,0.0447976
82.144000000,0.052642
82.154666667,0.048014
82.165333333,0.0409486
82.176000000,0.0519415
82.186666667,0.0562289
82.197333333,0.0479024
82.208000000,0.0570215
82.218666667,0.0579936
82.229333333,0.048756
82.240000000,0.0557295
82.250666667,0.058782
82.261333333,0.0461858
82.272000000,0.035734
82.282666667,0.039322
82.293333333,0.0386476
82.304000000,0.0453847
82.314666667,0.0439752
82.325333333,0.0346379
82.336000000,0.0330165
82.346666667,0.033505
82.357333333,0.0464055
82.368000000,0.0454896
82.378666667,0.0371354
82.389333333,0.0430564
82.400000000,0.0532518
82.410666667,0.0463623
82.421333333,0.0327714
82.432000000,0.038509
82.442666667,0.0387371
82.453333333,0.0407892
82.464000000,0.0472674
82.474666667,0.0511838
82.485333333,0.0461961
82.496000000,0.0577395
82.506666667,0.056865
82.517333333,0.0427644
82.528000000,0.0643588
82.538666667,0.0611231
82.549333333,0.0494506
82.560000000,0.0604023
82.570666667,0.05622
82.581333333,0.053926
82.592000000,0.0577413
82.602666667,0.0482653
82.613333333,0.0395912
82.624000000,0.0461292
82.634666667,0.0495798
82.645333333,0.0426621
82.656000000,0.035214
82.666666667,0.035052
82.677333333,0.0269421
82.688000000,0.0353811
82.698666667,0.0413809
82.709333333,0.033948
82.720000000,0.0282369
82.730666667,0.02316
82.741333333,0.0302768
82.752000000,0.0297913
82.762666667,0.0207308
82.773333333,0.023494
82.784000000,0.0235662
82.794666667,0.0193071
82.805333333,0.0184054
82.816000000,0.0216955
82.826666667,0.0217345
82.837333333,0.0228677
82.848000000,0.0270518
82.858666667,0.0260947
82.869333333,0.0265286
82.880000000,0.023083
82.890666667,0.0175691
82.901333333,0.0205285
82.912000000,0.0226225
82.922666667,0.0258112
82.933333333,0.0242861
82.944000000,0.020854
82.954666667,0.0298537
82.965333333,0.0304872
82.976000000,0.0311919
82.986666667,0.0341147
82.997333333,0.0283846
83.008000000,0.0252571
83.018666667,0.0312344
83.029333333,0.0365187
83.040000000,0.0352675
83.050666667,0.0385077
83.061333333,0.0351777
83.072000000,0.0321677
83.082666667,0.0538122
83.093333333,0.0734845
83.104000000,0.0704473
83.114666667,0.0522573
83.125333333,0.0363761
83.136000000,0.035488
83.146666667,0.0426797
83.157333333,0.0417141
83.168000000,0.0385621
83.178666667,0.0690174
83.189333333,0.0830799
83.200000000,0.0635172
83.210666667,0.0690104
83.221333333,0.0801437
83.232000000,0.0680663
83.242666667,0.0488975
83.253333333,0.0337717
83.264000000,0.0481698
83.274666667,0.0650671
83.285333333,0.0595482
83.296000000,0.0567474
83.306666667,0.0596714
83.317333333,0.0622328
83.328000000,0.0633957
83.338666667,0.0532186
83.349333333,0.0427683
83.360000000,0.056723
83.370666667,0.0585718
83.381333333,0.0409018
83.392000000,0.039064
83.402666667,0.0438378
83.413333333,0.0450067
83.424000000,0.0379379
83.434666667,0.0394607
83.445333333,0.0404399
83.456000000,0.0458815
83.466666667,0.0429212
83.477333333,0.0276205
83.488000000,0.0272794
83.498666667,0.0257019
83.509333333,0.0193503
83.520000000,0.0199476
83.530666667,0.0252221
83.541333333,0.0241591
83.552000000,0.0242083
83.562666667,0.0308119
83.573333333,0.0283416
83.584000000,0.0427536
83.594666667,0.0541135
83.605333333,0.0457877
83.616000000,0.0334458
83.626666667,0.0266114
83.637333333,0.0238316
83.648000000,0.015472
83.658666667,0.00974475
83.669333333,0.00935375
83.680000000,0.00762115
83.690666667,0.00568691
83.701333333,0.00474493
83.712000000,0.00605943
83.722666667,0.00593099
83.733333333,0.00475319
83.744000000,0.00500014
83.754666667,0.00483753
83.765333333,0.00563384
83.776000000,0.00587381
83.786666667,0.00480704
83.797333333,0.00491783
83.808000000,0.0101054
83.818666667,0.0148622
83.829333333,0.0179119
83.840000000,0.0189055
83.850666667,0.0161208
83.861333333,0.0128208
83.872000000,0.0124128
83.882666667,0.0135472
83.893333333,0.0157124
83.904000000,0.0203181
83.914666667,0.0247477
83.925333333,0.0246951
83.936000000,0.0203599
83.946666667,0.018806
83.957333333,0.0234516
83.968000000,0.0268123
83.978666667,0.0261921
83.989333333,0.0212847
84.000000000,0.0152651
84.010666667,0.0157816
84.021333333,0.0171914
84.032000000,0.0132063
84.042666667,0.00841706
84.053333333,0.00712325
84.064000000,0.00512027
84.074666667,0.00428381
84.085333333,0.00605677
84.096000000,0.0115083
84.106666667,0.012699
84.117333333,0.0112148
84.128000000,0.0115963
84.138666667,0.0126888
84.149333333,0.0142706
84.160000000,0.017674
84.170666667,0.0207057
84.181333333,0.0206652
84.192000000,0.0206643
84.202666667,0.0196618
84.213333333,0.0178322
84.224000000,0.0180956
84.234666667,0.0187581
84.245333333,0.0186451
84.256000000,0.0190352
84.266666667,0.0191636
84.277333333,0.0174161
84.288000000,0.0156715
84.298666667,0.0139673
84.309333333,0.0114846
84.320000000,0.00939783
84.330666667,0.0136467
84.341333333,0.0393046
84.352000000,0.045542
84.362666667,0.0309587
84.373333333,0.0197169
84.384000000,0.0153231
84.394666667,0.0139977
84.405333333,0.011747
84.416000000,0.00948855
84.426666667,0.00652046
84.437333333,0.00577248
84.448000000,0.00624394
84.458666667,0.0115029
84.469333333,0.0153042
84.480000000,0.0180087
84.490666667,0.0169091
84.501333333,0.0139537
84.512000000,0.0136567
84.522666667,0.0124702
84.533333333,0.011831
84.544000000,0.0107146
84.554666667,0.00915242
84.565333333,0.00662751
84.576000000,0.00367315
84.586666667,0.00354557
84.597333333,0.0039625
84.608000000,0.00402514
84.618666667,0.00514493
84.629333333,0.00729974
84.640000000,0.007519
84.650666667,0.00727343
84.661333333,0.00913887
84.672000000,0.00920024
84.682666667,0.00771714
84.693333333,0.00623218
84.704000000,0.00529721
84.714666667,0.00965395
84.725333333,0.011239
84.736000000,0.010124
84.746666667,0.0110296
84.757333333,0.0102145
84.768000000,0.00934022
84.778666667,0.00984388
84.789333333,0.0144372
84.800000000,0.0175891
84.810666667,0.0146894
84.821333333,0.0126835
84.832000000,0.0129421
84.842666667,0.0132169
84.853333333,0.0132305
84.864000000,0.0112609
84.874666667,0.00898579
84.885333333,0.00928585
84.896000000,0.0102675
84.906666667,0.00910926
84.917333333,0.00686542
84.928000000,0.00646758
84.938666667,0.0081765
84.949333333,0.00705808
84.960000000,0.00664089
84.970666667,0.00832492
84.981333333,0.0079404
84.992000000,0.00832978
85.002666667,0.00921245
85.013333333,0.0104802
85.024000000,0.01389
85.034666667,0.0174625
85.045333333,0.0172543
85.056000000,0.0162439
85.066666667,0.0165524
85.077333333,0.0160598
85.088000000,0.0218018
85.098666667,0.0284911
85.109333333,0.0235302
85.120000000,0.015715
85.130666667,0.0166268
85.141333333,0.0151293
85.152000000,0.0183731
85.162666667,0.0190123
85.173333333,0.015224
85.184000000,0.0124537
85.194666667,0.0119537
85.205333333,0.0130669
85.216000000,0.0132818
85.226666667,0.0138927
85.237333333,0.0161271
85.248000000,0.0202731
85.258666667,0.0225743
85.269333333,0.0215348
85.280000000,0.0206842
85.290666667,0.0176157
85.301333333,0.0121101
85.312000000,0.00929935
85.322666667,0.00816348
85.333333333,0.00811478
85.344000000,0.00829216
85.354666667,0.00814654
85.365333333,0.00831263
85.376000000,0.00796487
85.386666667,0.005368
85.397333333,0.00292982
85.408000000,0.00233351
85.418666667,0.00245932
85.429333333,0.00462321
85.440000000,0.00749067
85.450666667,0.00977912
85.461333333,0.0171242
85.472000000,0.0206441
85.482666667,0.0189628
85.493333333,0.018459
85.504000000,0.0169936
85.514666667,0.0143638
85.525333333,0.0154417
85.536000000,0.0156466
85.546666667,0.0115105
85.557333333,0.00964313
85.568000000,0.0117342
85.578666667,0.0100525
85.589333333,0.00642351
85.600000000,0.00616469
85.610666667,0.0118965
85.621333333,0.0189613
85.632000000,0.0196809
85.642666667,0.0152797
85.653333333,0.0116705
85.664000000,0.00981004
85.674666667,0.00916306
85.685333333,0.00912272
85.696000000,0.00881451
85.706666667,0.00977919
85.717333333,0.0115014
85.728000000,0.0129322
85.738666667,0.0140405
85.749333333,0.0141734
85.760000000,0.0130905
85.770666667,0.0119914
85.781333333,0.0137569
85.792000000,0.0134402
85.802666667,0.0125093
85.813333333,0.012922
85.824000000,0.0115221
85.834666667,0.0256043
85.845333333,0.0330152
85.856000000,0.0306398
85.866666667,0.024627
85.877333333,0.0200059
85.888000000,0.0193788
85.898666667,0.0177462
85.909333333,0.0213576
85.920000000,0.0231185
85.930666667,0.022038
85.941333333,0.0193348
85.952000000,0.0160457
85.962666667,0.0140462
85.973333333,0.0138949
85.984000000,0.0145834
85.994666667,0.0121189
86.005333333,0.010147
86.016000000,0.0110687
86.026666667,0.010477
86.037333333,0.0111795
86.048000000,0.0115934
86.058666667,0.00822247
86.069333333,0.00449747
86.080000000,0.00303998
86.090666667,0.00307507
86.101333333,0.00351881
86.112000000,0.0101322
86.122666667,0.0115296
86.133333333,0.00720845
86.144000000,0.00488881
86.154666667,0.00459571
86.165333333,0.00484094
86.176000000,0.0057234
86.186666667,0.00752866
86.197333333,0.015369
86.208000000,0.0207212
86.218666667,0.0305019
86.229333333,0.0286072
86.240000000,0.0182147
86.250666667,0.0212885
86.261333333,0.0172016
86.272000000,0.0151409
86.282666667,0.0154921
86.293333333,0.0150152
86.304000000,0.0161579
86.314666667,0.0158972
86.325333333,0.0168071
86.336000000,0.0155614
86.346666667,0.0150272
86.357333333,0.0144356
86.368000000,0.0138853
86.378666667,0.013315
86.389333333,0.0145216
86.400000000,0.0153221
86.410666667,0.0126873
86.421333333,0.0107598
86.432000000,0.011484
86.442666667,0.0114679
86.453333333,0.0117451
86.464000000,0.0103043
86.474666667,0.00588502
86.485333333,0.00452907
86.496000000,0.00344529
86.506666667,0.00298142
86.517333333,0.00294427
86.528000000,0.0103234
86.538666667,0.0106234
86.549333333,0.00664672
86.560000000,0.00907095
86.570666667,0.00915859
86.581333333,0.0230673
86.592000000,0.032666
86.602666667,0.0322628
86.613333333,0.0260298
86.624000000,0.01906
86.634666667,0.0173882
86.645333333,0.0165842
86.656000000,0.0152874
86.666666667,0.0143662
86.677333333,0.0128965
86.688000000,0.0130814
86.698666667,0.0125602
86.709333333,0.0107574
86.720000000,0.00924316
86.730666667,0.00773935
86.741333333,0.00792132
86.752000000,0.00827988
86.762666667,0.00947374
86.773333333,0.00923599
86.784000000,0.00838507
86.794666667,0.00816257
86.805333333,0.00928195
86.816000000,0.010478
86.826666667,0.00926754
86.837333333,0.00713176
86.848000000,0.00641283
86.858666667,0.00510363
86.869333333,0.00422173
86.880000000,0.00361829
86.890666667,0.00308251
86.901333333,0.00261511
86.912000000,0.00295026
86.922666667,0.00297977
86.933333333,0.00267842
86.944000000,0.00257088
86.954666667,0.00544493
86.965333333,0.0123327
86.976000000,0.0149316
86.986666667,0.0153785
86.997333333,0.0146313
87.008000000,0.0116226
87.018666667,0.0113866
87.029333333,0.0114914
87.040000000,0.00917241
87.050666667,0.00606167
87.061333333,0.00699105
87.072000000,0.00739454
87.082666667,0.00587234
87.093333333,0.00633558
87.104000000,0.0057998
87.114666667,0.00403206
87.125333333,0.00433757
87.136000000,0.00439106
87.146666667,0.00445215
87.157333333,0.00400522
87.168000000,0.00340254
87.178666667,0.00320531
87.189333333,0.00296454
87.200000000,0.0026518
87.210666667,0.00333198
87.221333333,0.00432546
87.232000000,0.00391747
87.242666667,0.0030653
87.253333333,0.00294228
87.264000000,0.00313323
87.274666667,0.00325755
87.285333333,0.00548696
87.296000000,0.0133984
87.306666667,0.0143965
87.317333333,0.00931144
87.328000000,0.0194003
87.338666667,0.0377084
87.349333333,0.0409952
87.360000000,0.0294918
87.370666667,0.0210231
87.381333333,0.0174875
87.392000000,0.0166292
87.402666667,0.015133
87.413333333,0.014945
87.424000000,0.0237236
87.434666667,0.02579
87.445333333,0.0226801
87.456000000,0.0209041
87.466666667,0.0167071
87.477333333,0.0150317
87.488000000,0.0137787
87.498666667,0.0122404
87.509333333,0.0126482
87.520000000,0.0145397
87.530666667,0.0154876
87.541333333,0.0155808
87.552000000,0.0149372
87.562666667,0.0150226
87.573333333,0.0187596
87.584000000,0.0206683
87.594666667,0.0167108
87.605333333,0.0139273
87.616000000,0.0147684
87.626666667,0.0131661
87.637333333,0.0121165
87.648000000,0.0121303
87.658666667,0.0120713
87.669333333,0.013143
87.680000000,0.0149516
87.690666667,0.0172029
87.701333333,0.022191
87.712000000,0.0315731
87.722666667,0.0325116
87.733333333,0.0273282
87.744000000,0.0280778
87.754666667,0.0278442
87.765333333,0.0277029
87.776000000,0.0306349
87.786666667,0.0280079
87.797333333,0.0208588
87.808000000,0.0190229
87.818666667,0.0180684
87.829333333,0.016835
87.840000000,0.0175704
87.850666667,0.0176784
87.861333333,0.0180887
87.872000000,0.0181327
87.882666667,0.0189839
87.893333333,0.0211627
87.904000000,0.0224724
87.914666667,0.0224638
87.925333333,0.0193338
87.936000000,0.0160868
87.946666667,0.0126006
87.957333333,0.00689716
87.968000000,0.00474711
87.978666667,0.00539482
87.989333333,0.0104613
88.000000000,0.0153117
88.010666667,0.0175184
88.021333333,0.0161857
88.032000000,0.0142006
88.042666667,0.0181374
88.053333333,0.0229169
88.064000000,0.0220634
88.074666667,0.0236456
88.085333333,0.0249415
88.096000000,0.0277543
88.106666667,0.0261214
88.117333333,0.0171018
88.128000000,0.0179679
88.138666667,0.0179165
88.149333333,0.0144501
88.160000000,0.0123433
88.170666667,0.0138759
88.181333333,0.0155098
88.192000000,0.0183803
88.202666667,0.0184376
88.213333333,0.0137047
88.224000000,0.00971916
88.234666667,0.00653846
88.245333333,0.00425977
88.256000000,0.00372037
88.266666667,0.00410292
88.277333333,0.0123729
88.288000000,0.0126606
88.298666667,0.00875281
88.309333333,0.0146898
88.320000000,0.0185336
88.330666667,0.018923
88.341333333,0.0169584
88.352000000,0.0122606
88.362666667,0.0125869
88.373333333,0.0127904
88.384000000,0.0133202
88.394666667,0.0136915
88.405333333,0.0116003
88.416000000,0.0131167
88.426666667,0.0120597
88.437333333,0.0116041
88.448000000,0.0147056
88.458666667,0.0350974
88.469333333,0.0389779
88.480000000,0.0265104
88.490666667,0.0212571
88.501333333,0.0187893
88.512000000,0.0173523
88.522666667,0.0163124
88.533333333,0.0162657
88.544000000,0.0145042
88.554666667,0.0127378
88.565333333,0.0110305
88.576000000,0.00895785
88.586666667,0.0072149
88.597333333,0.00525329
88.608000000,0.00485195
88.618666667,0.0043113
88.629333333,0.00395227
88.640000000,0.00679129
88.650666667,0.0128638
88.661333333,0.023469
88.672000000,0.0284095
88.682666667,0.0265044
88.693333333,0.0247261
88.704000000,0.0218765
88.714666667,0.0178292
88.725333333,0.0184676
88.736000000,0.0203019
88.746666667,0.019101
88.757333333,0.0215617
88.768000000,0.0236166
88.778666667,0.0220242
88.789333333,0.0233927
88.800000000,0.0245109
88.810666667,0.0220123
88.821333333,0.0179058
88.832000000,0.0264444
88.842666667,0.0290211
88.853333333,0.0211861
88.864000000,0.0161664
88.874666667,0.0103326
88.885333333,0.0101757
88.896000000,0.0127974
88.906666667,0.0112771
88.917333333,0.00823042
88.928000000,0.00628835
88.938666667,0.0058929
88.949333333,0.00758963
88.960000000,0.00788831
88.970666667,0.00637973
88.981333333,0.00511726
88.992000000,0.00714788
89.002666667,0.00798635
89.013333333,0.00730455
89.024000000,0.0124061
89.034666667,0.033279
89.045333333,0.0535164
89.056000000,0.0572634
89.066666667,0.0666487
89.077333333,0.0703574
89.088000000,0.0758587
89.098666667,0.0892457
89.109333333,0.0904846
89.120000000,0.0840321
89.130666667,0.0743505
89.141333333,0.0702296
89.152000000,0.0568873
89.162666667,0.0391103
89.173333333,0.0461613
89.184000000,0.0697046
89.194666667,0.0689408
89.205333333,0.0542439
89.216000000,0.0630255
89.226666667,0.0675602
89.237333333,0.0806452
89.248000000,0.0804004
89.258666667,0.0715859
89.269333333,0.0675678
89.280000000,0.0567756
89.290666667,0.0586623
89.301333333,0.0495312
89.312000000,0.0487195
89.322666667,0.0759374
89.333333333,0.0929155
89.344000000,0.0816943
89.354666667,0.0724176
89.365333333,0.0658442
89.376000000,0.0459157
89.386666667,0.0452167
89.397333333,0.0481222
89.408000000,0.0427831
89.418666667,0.0337201
89.429333333,0.0319565
89.440000000,0.0308193
89.450666667,0.0291505
89.461333333,0.0288911
89.472000000,0.0308642
89.482666667,0.0351477
89.493333333,0.0309909
89.504000000,0.0234322
89.514666667,0.0250185
89.525333333,0.0534229
89.536000000,0.0655956
89.546666667,0.0508018
89.557333333,0.0410956
89.568000000,0.0352543
89.578666667,0.0307602
89.589333333,0.0389092
89.600000000,0.0357488
89.610666667,0.0288722
89.621333333,0.0304492
89.632000000,0.023881
89.642666667,0.0294392
89.653333333,0.041901
89.664000000,0.0391566
89.674666667,0.0244552
89.685333333,0.018929
89.696000000,0.0264485
89.706666667,0.0290772
89.717333333,0.0312971
89.728000000,0.0340987
89.738666667,0.0351386
89.749333333,0.0381424
89.760000000,0.0382935
89.770666667,0.0334315
89.781333333,0.0304816
89.792000000,0.0290414
89.802666667,0.0268197
89.813333333,0.0269357
89.824000000,0.0249724
89.834666667,0.0207436
89.845333333,0.0229761
89.856000000,0.0276671
89.866666667,0.027895
89.877333333,0.0316658
89.888000000,0.0338144
89.898666667,0.0305127
89.909333333,0.02764
89.920000000,0.0239765
89.930666667,0.0221607
89.941333333,0.0237487
89.952000000,0.0383011
89.962666667,0.0438268
89.973333333,0.0422988
89.984000000,0.0408663
89.994666667,0.0312571
90.005333333,0.0258338
90.016000000,0.0231928
90.026666667,0.0214883
90.037333333,0.0219955
90.048000000,0.0198088
90.058666667,0.0197283
90.069333333,0.0226444
90.080000000,0.0273344
90.090666667,0.0301531
90.101333333,0.031529
90.112000000,0.0327524
90.122666667,0.0318601
90.133333333,0.0304069
90.144000000,0.0323838
90.154666667,0.0310844
90.165333333,0.0268102
90.176000000,0.0280198
90.186666667,0.0280514
90.197333333,0.0249828
90.208000000,0.0237551
90.218666667,0.0213162
90.229333333,0.0166725
90.240000000,0.0158447
90.250666667,0.0174224
90.261333333,0.0199829
90.272000000,0.021493
90.282666667,0.0230701
90.293333333,0.024933
90.304000000,0.0243365
90.314666667,0.0216681
90.325333333,0.0188712
90.336000000,0.0273094
90.346666667,0.0281875
90.357333333,0.0221705
90.368000000,0.0195403
90.378666667,0.0139726
90.389333333,0.0122435
90.400000000,0.0137057
90.410666667,0.0147943
90.421333333,0.0113533
90.432000000,0.0102907
90.442666667,0.0158447
90.453333333,0.0227439
90.464000000,0.025852
90.474666667,0.0212575
90.485333333,0.0134286
90.496000000,0.00891861
90.506666667,0.00730896
90.517333333,0.00826944
90.528000000,0.0127427
90.538666667,0.0201103
90.549333333,0.024613
90.560000000,0.0209053
90.570666667,0.0128754
90.581333333,0.00891979
90.592000000,0.00650114
90.602666667,0.00509705
90.613333333,0.00376782
90.624000000,0.00350465
90.634666667,0.00503313
90.645333333,0.00853299
90.656000000,0.00917624
90.666666667,0.00804567
90.677333333,0.00769254
90.688000000,0.00658937
90.698666667,0.00798977
90.709333333,0.024193
90.720000000,0.0312535
90.730666667,0.0276051
90.741333333,0.0244867
90.752000000,0.0271527
90.762666667,0.0310453
90.773333333,0.031764
90.784000000,0.031373
90.794666667,0.0317812
90.805333333,0.0320575
90.816000000,0.0311214
90.826666667,0.0304058
90.837333333,0.0288729
90.848000000,0.0292775
90.858666667,0.031223
90.869333333,0.0286955
90.880000000,0.0232854
90.890666667,0.0215823
90.901333333,0.0235653
90.912000000,0.0250566
90.922666667,0.0267661
90.933333333,0.0284503
90.944000000,0.0288429
90.954666667,0.025017
90.965333333,0.0205825
90.976000000,0.0218616
90.986666667,0.025423
90.997333333,0.025614
91.008000000,0.0229374
91.018666667,0.0221791
91.029333333,0.0221468
91.040000000,0.0198392
91.050666667,0.0178983
91.061333333,0.0170905
91.072000000,0.0158747
91.082666667,0.0162706
91.093333333,0.0193274
91.104000000,0.0216398
91.114666667,0.0202687
91.125333333,0.0170955
91.136000000,0.0137339
91.146666667,0.0136757
91.157333333,0.0128739
91.168000000,0.0109351
91.178666667,0.00875831
91.189333333,0.00853965
91.200000000,0.00924947
91.210666667,0.00863315
91.221333333,0.00816855
91.232000000,0.00776191
91.242666667,0.0071578
91.253333333,0.00729253
91.264000000,0.00859708
91.274666667,0.00872436
91.285333333,0.0072605
91.296000000,0.0054412
91.306666667,0.00408472
91.317333333,0.00369967
91.328000000,0.00403996
91.338666667,0.00456316
91.349333333,0.00413914
91.360000000,0.0039624
91.370666667,0.0112387
91.381333333,0.0263922
91.392000000,0.0347613
91.402666667,0.0313353
91.413333333,0.0260608
91.424000000,0.0245275
91.434666667,0.0227747
91.445333333,0.0231216
91.456000000,0.0307404
91.466666667,0.0340234
91.477333333,0.0337816
91.488000000,0.0315679
91.498666667,0.0263298
91.509333333,0.021607
91.520000000,0.0208082
91.530666667,0.0214758
91.541333333,0.0180356
91.552000000,0.0161194
91.562666667,0.0152449
91.573333333,0.0161556
91.584000000,0.0139125
91.594666667,0.0116241
91.605333333,0.0107138
91.616000000,0.00863622
91.626666667,0.00845974
91.637333333,0.0123374
91.648000000,0.0212207
91.658666667,0.0247293
91.669333333,0.0285422
91.680000000,0.0363218
91.690666667,0.0394575
91.701333333,0.0464228
91.712000000,0.0471865
91.722666667,0.0444173
91.733333333,0.0464909
91.744000000,0.0478946
91.754666667,0.0504029
91.765333333,0.0494765
91.776000000,0.0504541
91.786666667,0.0546194
91.797333333,0.0444009
91.808000000,0.0325431
91.818666667,0.0455834
91.829333333,0.0475588
91.840000000,0.0418396
91.850666667,0.0440599
91.861333333,0.0482925
91.872000000,0.0467553
91.882666667,0.0426367
91.893333333,0.0361624
91.904000000,0.0279042
91.914666667,0.0265618
91.925333333,0.0264047
91.936000000,0.0303616
91.946666667,0.0306974
91.957333333,0.0296477
91.968000000,0.0305279
91.978666667,0.0285925
91.989333333,0.0263711
92.000000000,0.0275376
92.010666667,0.0296472
92.021333333,0.0267277
92.032000000,0.0274088
92.042666667,0.0270686
92.053333333,0.0218835
92.064000000,0.0219783
92.074666667,0.0283876
92.085333333,0.0283716
92.096000000,0.023344
92.106666667,0.0240157
92.117333333,0.0257331
92.128000000,0.030854
92.138666667,0.0333763
92.149333333,0.0328699
92.160000000,0.0300983
92.170666667,0.0332852
92.181333333,0.039309
92.192000000,0.0387122
92.202666667,0.0364871
92.213333333,0.0412752
92.224000000,0.0448706
92.234666667,0.0421523
92.245333333,0.0378629
92.256000000,0.0363264
92.266666667,0.0382637
92.277333333,0.0358444
92.288000000,0.0333665
92.298666667,0.0301278
92.309333333,0.0259036
92.320000000,0.0248938
92.330666667,0.0262904
92.341333333,0.0272485
92.352000000,0.0256773
92.362666667,0.0222719
92.373333333,0.0200743
92.384000000,0.0210189
92.394666667,0.0255544
92.405333333,0.0317135
92.416000000,0.0377004
92.426666667,0.0394959
92.437333333,0.0373153
92.448000000,0.031361
92.458666667,0.0276197
92.469333333,0.0297398
92.480000000,0.0291375
92.490666667,0.0299983
92.501333333,0.0306645
92.512000000,0.0305545
92.522666667,0.0297257
92.533333333,0.029859
92.544000000,0.0270916
92.554666667,0.029298
92.565333333,0.0329558
92.576000000,0.0289915
92.586666667,0.0275552
92.597333333,0.0356109
92.608000000,0.0407034
92.618666667,0.0385985
92.629333333,0.0368677
92.640000000,0.0389215
92.650666667,0.0343888
92.661333333,0.0298359
92.672000000,0.0261192
92.682666667,0.0215605
92.693333333,0.0267627
92.704000000,0.0218678
92.714666667,0.0186521
92.725333333,0.0179726
92.736000000,0.0168946
92.746666667,0.0247979
92.757333333,0.0208938
92.768000000,0.0129312
92.778666667,0.0204844
92.789333333,0.0179944
92.800000000,0.0111619
92.810666667,0.0114861
92.821333333,0.0119553
92.832000000,0.0172453
92.842666667,0.0171519
92.853333333,0.0135841
92.864000000,0.0126367
92.874666667,0.0122527
92.885333333,0.0117016
92.896000000,0.010217
92.906666667,0.00863803
92.917333333,0.00881433
92.928000000,0.0098548
92.938666667,0.00961183
92.949333333,0.008853
92.960000000,0.0152689
92.970666667,0.0209096
92.981333333,0.0274237
92.992000000,0.0244604
93.002666667,0.0174259
93.013333333,0.0195446
93.024000000,0.0159108
93.034666667,0.0151312
93.045333333,0.0132004
93.056000000,0.00847594
93.066666667,0.00816816
93.077333333,0.00838473
93.088000000,0.00811865
93.098666667,0.00676649
93.109333333,0.00599436
93.120000000,0.00523764
93.130666667,0.00484435
93.141333333,0.00642974
93.152000000,0.00619852
93.162666667,0.0073312
93.173333333,0.00794357
93.184000000,0.0202945
93.194666667,0.0226546
93.205333333,0.0202104
93.216000000,0.0178389
93.226666667,0.0188763
93.237333333,0.0187508
93.248000000,0.0183674
93.258666667,0.0242232
93.269333333,0.0173825
93.280000000,0.0162646
93.290666667,0.0243066
93.301333333,0.0190633
93.312000000,0.0176018
93.322666667,0.0180981
93.333333333,0.0261811
93.344000000,0.0415033
93.354666667,0.0401816
93.365333333,0.0280907
93.376000000,0.0239364
93.386666667,0.0232815
93.397333333,0.019887
93.408000000,0.0208695
93.418666667,0.0242332
93.429333333,0.0196613
93.440000000,0.020337
93.450666667,0.0210724
93.461333333,0.0192694
93.472000000,0.0208583
93.482666667,0.0176541
93.493333333,0.0135942
93.504000000,0.0120093
93.514666667,0.0173082
93.525333333,0.0203133
93.536000000,0.016535
93.546666667,0.00843446
93.557333333,0.0078276
93.568000000,0.00624691
93.578666667,0.00598784
93.589333333,0.0102101
93.600000000,0.0134443
93.610666667,0.0110951
93.621333333,0.0065515
93.632000000,0.00942318
93.642666667,0.00961602
93.653333333,0.0056371
93.664000000,0.004985
93.674666667,0.00441525
93.685333333,0.00402272
93.696000000,0.00481533
93.706666667,0.0117683
93.717333333,0.0283015
93.728000000,0.0288749
93.738666667,0.0220822
93.749333333,0.0247361
93.760000000,0.0195069
93.770666667,0.0165045
93.781333333,0.0178815
93.792000000,0.0142566
93.802666667,0.0118764
93.813333333,0.011902
93.824000000,0.0114635
93.834666667,0.0153548
93.845333333,0.0201828
93.856000000,0.0224436
93.866666667,0.0222434
93.877333333,0.0172332
93.888000000,0.01095
93.898666667,0.0106479
93.909333333,0.0141169
93.920000000,0.0159401
93.930666667,0.0208853
93.941333333,0.0261174
93.952000000,0.0281999
93.962666667,0.0270012
93.973333333,0.0239235
93.984000000,0.0282589
93.994666667,0.0293666
94.005333333,0.0263036
94.016000000,0.0228617
94.026666667,0.0181755
94.037333333,0.0159003
94.048000000,0.0155687
94.058666667,0.0262593
94.069333333,0.0343339
94.080000000,0.0355598
94.090666667,0.0362699
94.101333333,0.0361615
94.112000000,0.0343166
94.122666667,0.0284535
94.133333333,0.0230433
94.144000000,0.0283246
94.154666667,0.0278036
94.165333333,0.0256113
94.176000000,0.0297976
94.186666667,0.0367652
94.197333333,0.0365439
94.208000000,0.0318367
94.218666667,0.0353997
94.229333333,0.0348248
94.240000000,0.030114
94.250666667,0.0233318
94.261333333,0.0168562
94.272000000,0.0134982
94.282666667,0.00896511
94.293333333,0.00842477
94.304000000,0.00897542
94.314666667,0.00881418
94.325333333,0.00919524
94.336000000,0.0102084
94.346666667,0.00964665
94.357333333,0.00869153
94.368000000,0.00764166
94.378666667,0.0149632
94.389333333,0.02204
94.400000000,0.0251955
94.410666667,0.0232733
94.421333333,0.0197676
94.432000000,0.0214407
94.442666667,0.0189151
94.453333333,0.0147496
94.464000000,0.022892
94.474666667,0.0278232
94.485333333,0.0267583
94.496000000,0.0295334
94.506666667,0.0244123
94.517333333,0.0164507
94.528000000,0.0349132
94.538666667,0.042988
94.549333333,0.0374381
94.560000000,0.0287528
94.570666667,0.0253063
94.581333333,0.0320543
94.592000000,0.0343925
94.602666667,0.028773
94.613333333,0.0296314
94.624000000,0.0280334
94.634666667,0.025557
94.645333333,0.0244737
94.656000000,0.0176155
94.666666667,0.0160612
94.677333333,0.0246332
94.688000000,0.0279771
94.698666667,0.0266201
94.709333333,0.0255771
94.720000000,0.019031
94.730666667,0.0175076
94.741333333,0.0141978
94.752000000,0.00785497
94.762666667,0.00463227
94.773333333,0.00461786
94.784000000,0.00524131
94.794666667,0.00539792
94.805333333,0.0047401
94.816000000,0.0046332
94.826666667,0.00622999
94.837333333,0.0236158
94.848000000,0.0332664
94.858666667,0.0299874
94.869333333,0.0317068
94.880000000,0.0382018
94.890666667,0.0326978
94.901333333,0.035487
94.912000000,0.0336499
94.922666667,0.016384
94.933333333,0.0131312
94.944000000,0.0128674
94.954666667,0.0120644
94.965333333,0.0103958
94.976000000,0.0129613
94.986666667,0.015606
94.997333333,0.0137004
95.008000000,0.00912147
95.018666667,0.00882923
95.029333333,0.0148271
95.040000000,0.0151877
95.050666667,0.00881325
95.061333333,0.0119893
95.072000000,0.0124815
95.082666667,0.00766083
95.093333333,0.0106369
95.104000000,0.0150789
95.114666667,0.0130671
95.125333333,0.0167659
95.136000000,0.0238574
95.146666667,0.0290329
95.157333333,0.0341705
95.168000000,0.0326586
95.178666667,0.0311858
95.189333333,0.0299784
95.200000000,0.0279665
95.210666667,0.0301738
95.221333333,0.0359563
95.232000000,0.0380662
95.242666667,0.0387062
95.253333333,0.0351579
95.264000000,0.0302413
95.274666667,0.0349051
95.285333333,0.0358979
95.296000000,0.0323738
95.306666667,0.0281339
95.317333333,0.0289657
95.328000000,0.0303342
95.338666667,0.0274085
95.349333333,0.0271838
95.360000000,0.0278375
95.370666667,0.0284183
95.381333333,0.0285436
95.392000000,0.0303771
95.402666667,0.0330079
95.413333333,0.0326526
95.424000000,0.0321967
95.434666667,0.0317943
95.445333333,0.0308427
95.456000000,0.031744
95.466666667,0.032344
95.477333333,0.0314202
95.488000000,0.0335039
95.498666667,0.0335743
95.509333333,0.03076
95.520000000,0.0273406
95.530666667,0.022173
95.541333333,0.0183122
95.552000000,0.0168498
95.562666667,0.0160996
95.573333333,0.0165374
95.584000000,0.0169699
95.594666667,0.0241386
95.605333333,0.0394547
95.616000000,0.0498152
95.626666667,0.0466603
95.637333333,0.0362307
95.648000000,0.0353614
95.658666667,0.0380084
95.669333333,0.0320786
95.680000000,0.0264069
95.690666667,0.0279933
95.701333333,0.0268781
95.712000000,0.0242768
95.722666667,0.0255637
95.733333333,0.0252159
95.744000000,0.0222052
95.754666667,0.0218857
95.765333333,0.0219678
95.776000000,0.0234607
95.786666667,0.0247408
95.797333333,0.0228096
95.808000000,0.0215977
95.818666667,0.0185035
95.829333333,0.0140614
95.840000000,0.0108612
95.850666667,0.00875043
95.861333333,0.00844799
95.872000000,0.00758094
95.882666667,0.00685103
95.893333333,0.00686184
95.904000000,0.00674336
95.914666667,0.00598112
95.925333333,0.00522539
95.936000000,0.00534351
95.946666667,0.0169395
95.957333333,0.0201196
95.968000000,0.0236444
95.978666667,0.0279252
95.989333333,0.0322369
96.000000000,0.0328908
96.010666667,0.0266885
96.021333333,0.027138
96.032000000,0.0262622
96.042666667,0.0243827
96.053333333,0.0272641
96.064000000,0.0278808
96.074666667,0.0260474
96.085333333,0.0251846
96.096000000,0.0263561
96.106666667,0.0254027
96.117333333,0.0226162
96.128000000,0.0211568
96.138666667,0.0169081
96.149333333,0.0156093
96.160000000,0.0197874
96.170666667,0.0197042
96.181333333,0.0176561
96.192000000,0.0180379
96.202666667,0.0181473
96.213333333,0.017597
96.224000000,0.0178886
96.234666667,0.0176574
96.245333333,0.016588
96.256000000,0.0178806
96.266666667,0.0182077
96.277333333,0.0223527
96.288000000,0.0263742
96.298666667,0.0255137
96.309333333,0.0317253
96.320000000,0.0372098
96.330666667,0.0408106
96.341333333,0.0472486
96.352000000,0.0516869
96.362666667,0.0572611
96.373333333,0.0583028
96.384000000,0.0505297
96.394666667,0.0451506
96.405333333,0.0409169
96.416000000,0.044044
96.426666667,0.0434088
96.437333333,0.0377776
96.448000000,0.03519
96.458666667,0.032799
96.469333333,0.0319677
96.480000000,0.0286417
96.490666667,0.0326167
96.501333333,0.033096
96.512000000,0.0332242
96.522666667,0.0476179
96.533333333,0.053046
96.544000000,0.04627
96.554666667,0.0428862
96.565333333,0.0374722
96.576000000,0.032744
96.586666667,0.0338321
96.597333333,0.0367524
96.608000000,0.0414668
96.618666667,0.0412879
96.629333333,0.0333999
96.640000000,0.0245146
96.650666667,0.0197011
96.661333333,0.0180362
96.672000000,0.0170196
96.682666667,0.0180442
96.693333333,0.0170356
96.704000000,0.0161439
96.714666667,0.0250587
96.725333333,0.0330617
96.736000000,0.0383669
96.746666667,0.0421107
96.757333333,0.0468425
96.768000000,0.0515163
96.778666667,0.0443412
96.789333333,0.0410665
96.800000000,0.0502992
96.810666667,0.0520361
96.821333333,0.0462652
96.832000000,0.0397928
96.842666667,0.0311904
96.853333333,0.0196724
96.864000000,0.0162662
96.874666667,0.0166647
96.885333333,0.0162649
96.896000000,0.0171463
96.906666667,0.027522
96.917333333,0.0296724
96.928000000,0.0203437
96.938666667,0.0165885
96.949333333,0.0180964
96.960000000,0.0164016
96.970666667,0.0148298
96.981333333,0.0158065
96.992000000,0.013849
97.002666667,0.0129093
97.013333333,0.02123
97.024000000,0.0366649
97.034666667,0.0413599
97.045333333,0.0324257
97.056000000,0.035044
97.066666667,0.0427193
97.077333333,0.041668
97.088000000,0.0460154
97.098666667,0.0525075
97.109333333,0.0546576
97.120000000,0.0518912
97.130666667,0.0491608
97.141333333,0.0507429
97.152000000,0.0538276
97.162666667,0.0540907
97.173333333,0.0488045
97.184000000,0.0439058
97.194666667,0.0422151
97.205333333,0.041269
97.216000000,0.0386249
97.226666667,0.0373633
97.237333333,0.0424992
97.248000000,0.0436312
97.258666667,0.0449811
97.269333333,0.0532718
97.280000000,0.0541543
97.290666667,0.0476546
97.301333333,0.0436553
97.312000000,0.0400368
97.322666667,0.0325477
97.333333333,0.0263339
97.344000000,0.024191
97.354666667,0.0215016
97.365333333,0.0187136
97.376000000,0.0177978
97.386666667,0.0156664
97.397333333,0.0159734
97.408000000,0.0143735
97.418666667,0.0143968
97.429333333,0.026359
97.440000000,0.0322008
97.450666667,0.0273947
97.461333333,0.0277118
97.472000000,0.0410792
97.482666667,0.0400369
97.493333333,0.0336359
97.504000000,0.0329222
97.514666667,0.0255003
97.525333333,0.0226524
97.536000000,0.0253152
97.546666667,0.0230531
97.557333333,0.0180021
97.568000000,0.0222957
97.578666667,0.0323431
97.589333333,0.0434583
97.600000000,0.0421015
97.610666667,0.0338561
97.621333333,0.0320261
97.632000000,0.0346786
97.642666667,0.0390345
97.653333333,0.0377887
97.664000000,0.0304138
97.674666667,0.0266298
97.685333333,0.0248552
97.696000000,0.0217237
97.706666667,0.0249211
97.717333333,0.0330445
97.728000000,0.0370332
97.738666667,0.0383399
97.749333333,0.0362865
97.760000000,0.0328046
97.770666667,0.0331254
97.781333333,0.033764
97.792000000,0.0329534
97.802666667,0.0276265
97.813333333,0.022373
97.824000000,0.0208835
97.834666667,0.023032
97.845333333,0.0308656
97.856000000,0.0350033
97.866666667,0.0347822
97.877333333,0.0331304
97.888000000,0.0282598
97.898666667,0.0277104
97.909333333,0.0282205
97.920000000,0.0269741
97.930666667,0.0250412
97.941333333,0.0262718
97.952000000,0.0250634
97.962666667,0.0361362
97.973333333,0.0449444
97.984000000,0.0454884
97.994666667,0.0398318
98.005333333,0.0298311
98.016000000,0.0373649
98.026666667,0.0389106
98.037333333,0.0467236
98.048000000,0.0501203
98.058666667,0.039111
98.069333333,0.0348344
98.080000000,0.0389787
98.090666667,0.0391733
98.101333333,0.0329918
98.112000000,0.035531
98.122666667,0.0377585
98.133333333,0.038457
98.144000000,0.0454706
98.154666667,0.0469878
98.165333333,0.0393169
98.176000000,0.0350163
98.186666667,0.0302808
98.197333333,0.0211574
98.208000000,0.0219231
98.218666667,0.0396075
98.229333333,0.0443668
98.240000000,0.0400315
98.250666667,0.0409222
98.261333333,0.0410997
98.272000000,0.0460039
98.282666667,0.0424848
98.293333333,0.0356255
98.304000000,0.036634
98.314666667,0.0403266
98.325333333,0.0346265
98.336000000,0.0247652
98.346666667,0.0288129
98.357333333,0.0288546
98.368000000,0.0256458
98.378666667,0.023058
98.389333333,0.0207381
98.400000000,0.0216841
98.410666667,0.0239534
98.421333333,0.0246907
98.432000000,0.0214544
98.442666667,0.0255514
98.453333333,0.0307369
98.464000000,0.0371524
98.474666667,0.0500018
98.485333333,0.0501488
98.496000000,0.0438778
98.506666667,0.0453617
98.517333333,0.0464561
98.528000000,0.0474667
98.538666667,0.0464739
98.549333333,0.0444606
98.560000000,0.0460346
98.570666667,0.0481148
98.581333333,0.0475167
98.592000000,0.0478498
98.602666667,0.0541052
98.613333333,0.0554177
98.624000000,0.0484695
98.634666667,0.0435834
98.645333333,0.0457865
98.656000000,0.0498798
98.666666667,0.0500461
98.677333333,0.0479652
98.688000000,0.0454198
98.698666667,0.0406167
98.709333333,0.0345194
98.720000000,0.0301612
98.730666667,0.0276598
98.741333333,0.0301452
98.752000000,0.0310838
98.762666667,0.0321599
98.773333333,0.0462606
98.784000000,0.0557543
98.794666667,0.0470939
98.805333333,0.0452767
98.816000000,0.0499617
98.826666667,0.0500441
98.837333333,0.0508451
98.848000000,0.0446192
98.858666667,0.0360888
98.869333333,0.0336241
98.880000000,0.0393611
98.890666667,0.0435458
98.901333333,0.0467401
98.912000000,0.0418883
98.922666667,0.0362684
98.933333333,0.0362134
98.944000000,0.034708
98.954666667,0.0345898
98.965333333,0.0402362
98.976000000,0.0469112
98.986666667,0.0512761
98.997333333,0.0506642
99.008000000,0.0514558
99.018666667,0.0516975
99.029333333,0.0502057
99.040000000,0.0534695
99.050666667,0.0473301
99.061333333,0.045795
99.072000000,0.0508967
99.082666667,0.047775
99.093333333,0.0462509
99.104000000,0.0469224
99.114666667,0.0480745
99.125333333,0.0487439
99.136000000,0.043861
99.146666667,0.0353695
99.157333333,0.031726
99.168000000,0.0354958
99.178666667,0.0378767
99.189333333,0.0373516
99.200000000,0.0404353
99.210666667,0.0411904
99.221333333,0.0378203
99.232000000,0.0368996
99.242666667,0.0386541
99.253333333,0.0394694
99.264000000,0.0346733
99.274666667,0.0295744
99.285333333,0.0255393
99.296000000,0.0206752
99.306666667,0.0186307
99.317333333,0.0160805
99.328000000,0.0122219
99.338666667,0.023744
99.349333333,0.0277641
99.360000000,0.025232
99.370666667,0.0419766
99.381333333,0.0508568
99.392000000,0.0487148
99.402666667,0.037553
99.413333333,0.024788
99.424000000,0.0267055
99.434666667,0.0307181
99.445333333,0.0382374
99.456000000,0.0466637
99.466666667,0.0481146
99.477333333,0.0351961
99.488000000,0.0212277
99.498666667,0.0232773
99.509333333,0.0285805
99.520000000,0.0260089
99.530666667,0.0300848
99.541333333,0.0375831
99.552000000,0.0325715
99.562666667,0.0294273
99.573333333,0.0326177
99.584000000,0.0329535
99.594666667,0.0324427
99.605333333,0.0299177
99.616000000,0.0220047
99.626666667,0.0201797
99.637333333,0.0298763
99.648000000,0.0325418
99.658666667,0.0321038
99.669333333,0.0313834
99.680000000,0.0252791
99.690666667,0.0211383
99.701333333,0.0194632
99.712000000,0.0205046
99.722666667,0.0215429
99.733333333,0.0206566
99.744000000,0.0251297
99.754666667,0.0314498
99.765333333,0.0328055
99.776000000,0.0312686
99.786666667,0.0306834
99.797333333,0.0277474
99.808000000,0.0242312
99.818666667,0.0213777
99.829333333,0.0168929
99.840000000,0.0155877
99.850666667,0.0186493
99.861333333,0.0179733
99.872000000,0.0154821
99.882666667,0.0133823
99.893333333,0.016017
99.904000000,0.0213993
99.914666667,0.0217983
99.925333333,0.0181443
99.936000000,0.0186201
99.946666667,0.019762
99.957333333,0.0171025
99.968000000,0.0150801
99.978666667,0.0166333
99.989333333,0.0174179
100.000000000,0.0170415
100.010666667,0.0148053
100.021333333,0.0119168
100.032000000,0.0155986
100.042666667,0.0210651
100.053333333,0.0205289
100.064000000,0.0172972
100.074666667,0.0153858
100.085333333,0.0135926
100.096000000,0.0171682
100.106666667,0.0194618
100.117333333,0.0141604
100.128000000,0.0117414
100.138666667,0.0144339
100.149333333,0.0138369
100.160000000,0.0126405
100.170666667,0.0153489
100.181333333,0.0174236
100.192000000,0.0182074
100.202666667,0.0179306
100.213333333,0.0135672
100.224000000,0.0163243
100.234666667,0.0176354
100.245333333,0.0153273
100.256000000,0.0138603
100.266666667,0.0110309
100.277333333,0.0127804
100.288000000,0.0138639
100.298666667,0.0116281
100.309333333,0.011742
100.320000000,0.0122708
100.330666667,0.013692
100.341333333,0.01379
100.352000000,0.0175783
100.362666667,0.0178435
100.373333333,0.0102284
100.384000000,0.00798825
100.394666667,0.0111952
100.405333333,0.0100051
100.416000000,0.0117839
100.426666667,0.0151198
100.437333333,0.01329
100.448000000,0.0117095
100.458666667,0.0106523
100.469333333,0.00957741
100.480000000,0.0130028
100.490666667,0.0140368
100.501333333,0.0126707
100.512000000,0.0113973
100.522666667,0.013692
100.533333333,0.0124477
100.544000000,0.00745829
100.554666667,0.00913662
100.565333333,0.0102089
100.576000000,0.0115372
100.586666667,0.0100737
100.597333333,0.0114815
100.608000000,0.0161166
100.618666667,0.0181626
100.629333333,0.0180873
100.640000000,0.0198196
100.650666667,0.0223042
100.661333333,0.0227758
100.672000000,0.0210735
100.682666667,0.0186344
100.693333333,0.0157181
100.704000000,0.0106027
100.714666667,0.0088328
100.725333333,0.0132969
100.736000000,0.0136562
100.746666667,0.0106243
100.757333333,0.00976633
100.768000000,0.0102899
100.778666667,0.0115755
100.789333333,0.0111306
100.800000000,0.00966422
100.810666667,0.0083928
100.821333333,0.00848974
100.832000000,0.0117872
100.842666667,0.0161851
100.853333333,0.0179506
100.864000000,0.0172722
100.874666667,0.0149462
100.885333333,0.0172914
100.896000000,0.0172962
100.906666667,0.0145596
100.917333333,0.0134292
100.928000000,0.0111417
100.938666667,0.0148189
100.949333333,0.0159339
100.960000000,0.012741
100.970666667,0.011606
100.981333333,0.0138681
100.992000000,0.0150112
101.002666667,0.0166521
101.013333333,0.0180209
101.024000000,0.0175707
101.034666667,0.0162779
101.045333333,0.0135739
101.056000000,0.0123236
101.066666667,0.0123768
101.077333333,0.0125157
101.088000000,0.0142626
101.098666667,0.0158756
101.109333333,0.0144512
101.120000000,0.0152405
101.130666667,0.0143436
101.141333333,0.00807765
101.152000000,0.00658198
101.162666667,0.00607912
101.173333333,0.00436909
101.184000000,0.00377392
101.194666667,0.00364078
101.205333333,0.00510253
101.216000000,0.00701816
101.226666667,0.00629235
101.237333333,0.00595143
101.248000000,0.00833344
101.258666667,0.00881034
101.269333333,0.00895884
101.280000000,0.0111343
101.290666667,0.0119546
101.301333333,0.0120598
101.312000000,0.0114247
101.322666667,0.0129281
101.333333333,0.0166521
101.344000000,0.0152779
101.354666667,0.0120889
101.365333333,0.0110851
101.376000000,0.0103695
101.386666667,0.0125112
101.397333333,0.0128941
101.408000000,0.0147571
101.418666667,0.0154689
101.429333333,0.0128118
101.440000000,0.0129845
101.450666667,0.0140028
101.461333333,0.0135775
101.472000000,0.0140853
101.482666667,0.0143565
101.493333333,0.0139194
101.504000000,0.0141411
101.514666667,0.0134494
101.525333333,0.0139943
101.536000000,0.0151297
101.546666667,0.0148195
101.557333333,0.0162287
101.568000000,0.0155333
101.578666667,0.013721
101.589333333,0.01345
101.600000000,0.0129174
101.610666667,0.0131313
101.621333333,0.0126124
101.632000000,0.0118085
101.642666667,0.0117109
101.653333333,0.0132201
101.664000000,0.0128673
101.674666667,0.0134429
101.685333333,0.014563
101.696000000,0.0135334
101.706666667,0.0139864
101.717333333,0.0133847
101.728000000,0.0122072
101.738666667,0.0121438
101.749333333,0.0126924
101.760000000,0.013731
101.770666667,0.0136418
101.781333333,0.013618
101.792000000,0.0141603
101.802666667,0.0141574
101.813333333,0.0135494
101.824000000,0.0133001
101.834666667,0.0126447
101.845333333,0.0101496
101.856000000,0.00629854
101.866666667,0.00617403
101.877333333,0.00717709
101.888000000,0.00610782
101.898666667,0.00344703
101.909333333,0.00426891
101.920000000,0.00638401
101.930666667,0.00661426
101.941333333,0.00687333
101.952000000,0.00948909
101.962666667,0.0108406
101.973333333,0.012291
101.984000000,0.0139351
101.994666667,0.0133588
102.005333333,0.014779
102.016000000,0.0150517
102.026666667,0.0125162
102.037333333,0.0147764
102.048000000,0.0152265
102.058666667,0.0143517
102.069333333,0.0152263
102.080000000,0.0140533
102.090666667,0.0133679
102.101333333,0.0130141
102.112000000,0.0115385
102.122666667,0.0115694
102.133333333,0.0123422
102.144000000,0.0130778
102.154666667,0.012613
102.165333333,0.0109629
102.176000000,0.0117594
102.186666667,0.0115505
102.197333333,0.011431
102.208000000,0.0115813
102.218666667,0.0110726
102.229333333,0.00995337
102.240000000,0.0109399
102.250666667,0.0105686
102.261333333,0.0110514
102.272000000,0.0113907
102.282666667,0.00812697
102.293333333,0.0082529
102.304000000,0.00973626
102.314666667,0.00848495
102.325333333,0.00587867
102.336000000,0.00500056
102.346666667,0.00260322
102.357333333,0.0035123
102.368000000,0.00415999
102.378666667,0.0034459
102.389333333,0.00408422
102.400000000,0.00382993
102.410666667,0.00543054
102.421333333,0.00885477
102.432000000,0.0107505
102.442666667,0.0118773
102.453333333,0.0113041
102.464000000,0.00833144
102.474666667,0.00649825
102.485333333,0.00864863
102.496000000,0.0109935
102.506666667,0.0133454
102.517333333,0.0147038
102.528000000,0.0144159
102.538666667,0.0138832
102.549333333,0.0120127
102.560000000,0.0125928
102.570666667,0.0129211
102.581333333,0.0121068
102.592000000,0.0127918
102.602666667,0.0107862
102.613333333,0.00797048
102.624000000,0.00950949
102.634666667,0.0103748
102.645333333,0.0110042
102.656000000,0.010439
102.666666667,0.00807765
102.677333333,0.00732823
102.688000000,0.00662145
102.698666667,0.00566929
102.709333333,0.00343579
102.720000000,0.00261263
102.730666667,0.0030813
102.741333333,0.00344349
102.752000000,0.00342401
102.762666667,0.00317701
102.773333333,0.00213276
102.784000000,0.00147404
102.794666667,0.0015778
102.805333333,0.00140419
102.816000000,0.00107391
102.826666667,0.000931643
102.837333333,0.00098259
102.848000000,0.00111322
102.858666667,0.00145354
102.869333333,0.0015637
102.880000000,0.00197728
102.890666667,0.00216176
102.901333333,0.00147758
102.912000000,0.000739496
102.922666667,0.000835287
102.933333333,0.00104239
102.944000000,0.00187133
102.954666667,0.00261437
102.965333333,0.0021484
102.976000000,0.00138552
102.986666667,0.00141638
102.997333333,0.00156709
103.008000000,0.00220516
103.018666667,0.00239354
103.029333333,0.00186859
103.040000000,0.00118577
103.050666667,0.00117364
103.061333333,0.00124324
103.072000000,0.00094718
103.082666667,0.000863806
103.093333333,0.000808404
103.104000000,0.00112957
103.114666667,0.00144047
103.125333333,0.00109455
103.136000000,0.000808073
103.146666667,0.000785268
103.157333333,0.000306228
103.168000000,0.000562226
103.178666667,0.000831205
103.189333333,0.000916354
103.200000000,0.00152027
103.210666667,0.0015232
103.221333333,0.00113086
103.232000000,0.00143925
103.242666667,0.00147146
103.253333333,0.00142506
103.264000000,0.00132058
103.274666667,0.000872531
103.285333333,0.000652177
103.296000000,0.000775794
103.306666667,0.000636285
103.317333333,0.000699686
103.328000000,0.00101192
103.338666667,0.00115562
103.349333333,0.00102099
103.360000000,0.000919104
103.370666667,0.000752341
103.381333333,0.000511653
103.392000000,0.000874588
103.402666667,0.00107209
103.413333333,0.00106276
103.424000000,0.000911658
103.434666667,0.000735076
103.445333333,0.000726016
103.456000000,0.000609913
103.466666667,0.000609401
103.477333333,0.000809926
103.488000000,0.0010911
103.498666667,0.0011353
103.509333333,0.00111533
103.520000000,0.00145001
103.530666667,0.0014289
103.541333333,0.00105847
103.552000000,0.000817805
103.562666667,0.000703664
103.573333333,0.000732325
103.584000000,0.000599687
103.594666667,0.000584228
103.605333333,0.000618737
103.616000000,0.000610115
103.626666667,0.000579077
103.637333333,0.000311144
103.648000000,0.000365518
103.658666667,0.000575976
103.669333333,0.000652749
103.680000000,0.000533007
103.690666667,0.000472588
103.701333333,0.000729838
103.712000000,0.00397631
103.722666667,0.017599
103.733333333,0.0251306
103.744000000,0.0262977
103.754666667,0.02837
103.765333333,0.0321976
103.776000000,0.0305452
103.786666667,0.0282122
103.797333333,0.0305353
103.808000000,0.0334195
103.818666667,0.0315397
103.829333333,0.0258602
103.840000000,0.0244577
103.850666667,0.0238786
103.861333333,0.0267038
103.872000000,0.0257737
103.882666667,0.0209317
103.893333333,0.019611
103.904000000,0.017395
103.914666667,0.0141514
103.925333333,0.0114077
103.936000000,0.0169721
103.946666667,0.0220716
103.957333333,0.0187782
103.968000000,0.0128685
103.978666667,0.0101555
103.989333333,0.00742362
104.000000000,0.0060179
104.010666667,0.00483365
104.021333333,0.00305916
104.032000000,0.00203085
104.042666667,0.00125274
104.053333333,0.000668082
104.064000000,0.000441075
104.074666667,0.000567863
104.085333333,0.00519835
104.096000000,0.00598944
104.106666667,0.00366762
104.117333333,0.00368001
104.128000000,0.00736714
104.138666667,0.0111067
104.149333333,0.0140435
104.160000000,0.0192815
104.170666667,0.0207283
104.181333333,0.0178036
104.192000000,0.0176122
104.202666667,0.0172894
104.213333333,0.0159672
104.224000000,0.0170399
104.234666667,0.0161399
104.245333333,0.0121372
104.256000000,0.0102667
104.266666667,0.00802209
104.277333333,0.00353604
104.288000000,0.00168699
104.298666667,0.000722731
104.309333333,0.000394029
104.320000000,0.000172187
104.330666667,0.000156946
104.341333333,0.000167114
104.352000000,0.000503625
104.362666667,0.00347726
104.373333333,0.00443889
104.384000000,0.00739441
104.394666667,0.0153964
104.405333333,0.0200933
104.416000000,0.0175346
104.426666667,0.012272
104.437333333,0.0133499
104.448000000,0.0120162
104.458666667,0.0120837
104.469333333,0.0158223
104.480000000,0.0138833
104.490666667,0.0142476
104.501333333,0.0147004
104.512000000,0.0134323
104.522666667,0.0117343
104.533333333,0.00911769
104.544000000,0.0107807
104.554666667,0.013052
104.565333333,0.0166536
104.576000000,0.0192099
104.586666667,0.0185199
104.597333333,0.0180438
104.608000000,0.0174059
104.618666667,0.0181757
104.629333333,0.0182044
104.640000000,0.0151759
104.650666667,0.0141945
104.661333333,0.016721
104.672000000,0.0182594
104.682666667,0.015472
104.693333333,0.0125
104.704000000,0.014679
104.714666667,0.0161693
104.725333333,0.0139704
104.736000000,0.0128476
104.746666667,0.0115588
104.757333333,0.00906726
104.768000000,0.00793796
104.778666667,0.00618217
104.789333333,0.0043436
104.800000000,0.00399164
104.810666667,0.00334093
104.821333333,0.00250003
104.832000000,0.00186549
104.842666667,0.00135575
104.853333333,0.000877366
104.864000000,0.000870111
104.874666667,0.00135134
104.885333333,0.00129348
104.896000000,0.000598499
104.906666667,0.000200584
104.917333333,4.87355e-05
104.928000000,9.608e-06
104.938666667,1.21102e-05
104.949333333,8.25906e-06
104.960000000,0
104.970666667,4.34419e-06
104.981333333,1.59651e-05
104.992000000,2.22484e-05
105.002666667,2.57492e-05
105.013333333,0.00404556
105.024000000,0.0304134
105.034666667,0.0383821
105.045333333,0.0356835
105.056000000,0.0358633
105.066666667,0.0308509
105.077333333,0.0332972
105.088000000,0.043173
105.098666667,0.0555854
105.109333333,0.0546656
105.120000000,0.0396314
105.130666667,0.0462954
105.141333333,0.0567503
105.152000000,0.0545043
105.162666667,0.0503793
105.173333333,0.0518311
105.184000000,0.0501165
105.194666667,0.0447499
105.205333333,0.0505849
105.216000000,0.0684478
105.226666667,0.0692004
105.237333333,0.0521431
105.248000000,0.0521905
105.258666667,0.0540302
105.269333333,0.0634087
105.280000000,0.0702854
105.290666667,0.0615822
105.301333333,0.0552033
105.312000000,0.0540024
105.322666667,0.0574402
105.333333333,0.0509136
105.344000000,0.0463536
105.354666667,0.0474875
105.365333333,0.0476841
105.376000000,0.0501565
105.386666667,0.0447272
105.397333333,0.0497371
105.408000000,0.0519755
105.418666667,0.0529751
105.429333333,0.0581085
105.440000000,0.0519082
105.450666667,0.0499736
105.461333333,0.0505243
105.472000000,0.0479436
105.482666667,0.0525845
105.493333333,0.0572429
105.504000000,0.0534296
105.514666667,0.0486191
105.525333333,0.0491073
105.536000000,0.0490802
105.546666667,0.0445695
105.557333333,0.0422378
105.568000000,0.0449295
105.578666667,0.0461209
105.589333333,0.0484368
105.600000000,0.0533719
105.610666667,0.0545765
105.621333333,0.0514824
105.632000000,0.0507504
105.642666667,0.0462069
105.653333333,0.0479449
105.664000000,0.0532325
105.674666667,0.0505156
105.685333333,0.0469712
105.696000000,0.0437427
105.706666667,0.0466133
105.717333333,0.0493715
105.728000000,0.0519377
105.738666667,0.052624
105.749333333,0.0488699
105.760000000,0.0445131
105.770666667,0.0450911
105.781333333,0.047337
105.792000000,0.0516219
105.802666667,0.0514981
105.813333333,0.0473969
105.824000000,0.0541215
105.834666667,0.0540934
105.845333333,0.0464966
105.856000000,0.0431453
105.866666667,0.0460771
105.877333333,0.0443488
105.888000000,0.0460968
105.898666667,0.0493309
105.909333333,0.0471922
105.920000000,0.0549978
105.930666667,0.0674256
105.941333333,0.0597908
105.952000000,0.0484722
105.962666667,0.0495298
105.973333333,0.0513133
105.984000000,0.0589244
105.994666667,0.0544281
106.005333333,0.0446183
106.016000000,0.0504897
106.026666667,0.0511501
106.037333333,0.0496443
106.048000000,0.0511256
106.058666667,0.0446658
106.069333333,0.0538058
106.080000000,0.0541383
106.090666667,0.0547434
106.101333333,0.0552437
106.112000000,0.0462128
106.122666667,0.0481672
106.133333333,0.0507498
106.144000000,0.0467982
106.154666667,0.045637
106.165333333,0.0474959
106.176000000,0.0426467
106.186666667,0.0419879
106.197333333,0.0397838
106.208000000,0.0457491
106.218666667,0.0533433
106.229333333,0.0484461
106.240000000,0.0478536
106.250666667,0.0493776
106.261333333,0.0428829
106.272000000,0.0522889
106.282666667,0.0563721
106.293333333,0.0486188
106.304000000,0.0431857
106.314666667,0.0397235
106.325333333,0.0404304
106.336000000,0.037578
106.346666667,0.034562
106.357333333,0.0360904
106.368000000,0.0392687
106.378666667,0.0405063
106.389333333,0.0406597
106.400000000,0.0395484
106.410666667,0.043677
106.421333333,0.0567937
106.432000000,0.0536211
106.442666667,0.0400992
106.453333333,0.0370169
106.464000000,0.0366251
106.474666667,0.0391279
106.485333333,0.0349232
106.496000000,0.0392672
106.506666667,0.0404858
106.517333333,0.0458582
106.528000000,0.0464928
106.538666667,0.0465192
106.549333333,0.0533298
106.560000000,0.0421478
106.570666667,0.0539693
106.581333333,0.0587314
106.592000000,0.0459938
106.602666667,0.0527241
106.613333333,0.0613093
106.624000000,0.0535877
106.634666667,0.0452256
106.645333333,0.0438194
106.656000000,0.0409913
106.666666667,0.0484293
106.677333333,0.0436631
106.688000000,0.048733
106.698666667,0.0548475
106.709333333,0.0505383
106.720000000,0.0463043
106.730666667,0.0417331
106.741333333,0.0475641
106.752000000,0.0528176
106.762666667,0.0492018
106.773333333,0.0456454
106.784000000,0.0549155
106.794666667,0.0539919
106.805333333,0.0466304
106.816000000,0.0529329
106.826666667,0.0492361
106.837333333,0.0481205
106.848000000,0.0556763
106.858666667,0.048316
106.869333333,0.0507635
106.880000000,0.0561375
106.890666667,0.0504634
106.901333333,0.0617699
106.912000000,0.063264
106.922666667,0.048539
106.933333333,0.0528377
106.944000000,0.056173
106.954666667,0.0465291
106.965333333,0.0454242
106.976000000,0.0500966
106.986666667,0.043082
106.997333333,0.0420706
107.008000000,0.0509324
107.018666667,0.0449763
107.029333333,0.0419371
107.040000000,0.042013
107.050666667,0.0346974
107.061333333,0.0409818
107.072000000,0.0415456
107.082666667,0.0442026
107.093333333,0.0492126
107.104000000,0.0493845
107.114666667,0.0452036
107.125333333,0.0395794
107.136000000,0.0390311
107.146666667,0.0416556
107.157333333,0.0400025
107.168000000,0.0353112
107.178666667,0.0404611
107.189333333,0.0430798
107.200000000,0.0520286
107.210666667,0.0590113
107.221333333,0.0588972
107.232000000,0.0555395
107.242666667,0.0460005
107.253333333,0.0478824
107.264000000,0.0456061
107.274666667,0.0395676
107.285333333,0.0427419
107.296000000,0.0377946
107.306666667,0.0362134
107.317333333,0.0377283
107.328000000,0.0333779
107.338666667,0.038234
107.349333333,0.0413734
107.360000000,0.035993
107.370666667,0.0391566
107.381333333,0.0387648
107.392000000,0.0346765
107.402666667,0.0341891
107.413333333,0.0320682
107.424000000,0.0304483
107.434666667,0.0362753
107.445333333,0.0400531
107.456000000,0.0431044
107.466666667,0.0484633
107.477333333,0.0491648
107.488000000,0.0451922
107.498666667,0.0391384
107.509333333,0.0349021
107.520000000,0.0339908
107.530666667,0.0359528
107.541333333,0.0320005
107.552000000,0.0333145
107.562666667,0.033093
107.573333333,0.02839
107.584000000,0.0302477
107.594666667,0.03555
107.605333333,0.0377128
107.616000000,0.0329155
107.626666667,0.0345207
107.637333333,0.040708
107.648000000,0.0367835
107.658666667,0.0336191
107.669333333,0.0375224
107.680000000,0.0364813
107.690666667,0.0347874
107.701333333,0.033124
107.712000000,0.030852
107.722666667,0.033796
107.733333333,0.0368059
107.744000000,0.0351078
107.754666667,0.0367522
107.765333333,0.0385013
107.776000000,0.0333751
107.786666667,0.0289047
107.797333333,0.0310845
107.808000000,0.0359547
107.818666667,0.0382741
107.829333333,0.037976
107.840000000,0.0352501
107.850666667,0.0332772
107.861333333,0.0366429
107.872000000,0.0417191
107.882666667,0.0404398
107.893333333,0.0342857
107.904000000,0.0364349
107.914666667,0.0390896
107.925333333,0.0400097
107.936000000,0.0391583
107.946666667,0.0342029
107.957333333,0.0338993
107.968000000,0.0364363
107.978666667,0.035654
107.989333333,0.0329705
108.000000000,0.0350902
108.010666667,0.0358019
108.021333333,0.0323343
108.032000000,0.0352446
108.042666667,0.0341449
108.053333333,0.0382529
108.064000000,0.0436544
108.074666667,0.0408677
108.085333333,0.0408322
108.096000000,0.0385805
108.106666667,0.0441547
108.117333333,0.0463687
108.128000000,0.0401166
108.138666667,0.0392244
108.149333333,0.0363773
108.160000000,0.0343034
108.170666667,0.0388454
108.181333333,0.0391867
108.192000000,0.0384164
108.202666667,0.0376513
108.213333333,0.0370393
108.224000000,0.037147
108.234666667,0.0327144
108.245333333,0.034752
108.256000000,0.035566
108.266666667,0.0343379
108.277333333,0.0350106
108.288000000,0.0371834
108.298666667,0.0372462
108.309333333,0.0389084
108.320000000,0.0413949
108.330666667,0.0399377
108.341333333,0.0379572
108.352000000,0.033539
108.362666667,0.0340028
108.373333333,0.0382304
108.384000000,0.034559
108.394666667,0.0326923
108.405333333,0.0338631
108.416000000,0.0374531
108.426666667,0.0407134
108.437333333,0.0361187
108.448000000,0.0372677
108.458666667,0.0428945
108.469333333,0.0420394
108.480000000,0.0415981
108.490666667,0.0393041
108.501333333,0.0369799
108.512000000,0.0392473
108.522666667,0.0439323
108.533333333,0.0425662
108.544000000,0.03414
108.554666667,0.0326303
108.565333333,0.0375346
108.576000000,0.0385846
108.586666667,0.036068
108.597333333,0.0360409
108.608000000,0.035971
108.618666667,0.0398155
108.629333333,0.0433528
108.640000000,0.0417353
108.650666667,0.0358127
108.661333333,0.0315272
108.672000000,0.0298131
108.682666667,0.0279776
108.693333333,0.0312556
108.704000000,0.031472
108.714666667,0.0287666
108.725333333,0.0299361
108.736000000,0.0319933
108.746666667,0.0337789
108.757333333,0.0309264
108.768000000,0.0268444
108.778666667,0.0245727
108.789333333,0.0240326
108.800000000,0.0267066
108.810666667,0.0288104
108.821333333,0.0285972
108.832000000,0.0272179
108.842666667,0.0297199
108.853333333,0.0300236
108.864000000,0.0251498
108.874666667,0.0255274
108.885333333,0.0233927
108.896000000,0.0191374
108.906666667,0.0221535
108.917333333,0.0261836
108.928000000,0.0281766
108.938666667,0.0297998
108.949333333,0.0337531
108.960000000,0.0349439
108.970666667,0.0402386
108.981333333,0.0445263
108.992000000,0.0393243
109.002666667,0.0391732
109.013333333,0.0396102
109.024000000,0.0387877
109.034666667,0.0343683
109.045333333,0.0343724
109.056000000,0.0417751
109.066666667,0.0490678
109.077333333,0.0524322
109.088000000,0.0659108
109.098666667,0.0862993
109.109333333,0.0774544
109.120000000,0.0575517
109.130666667,0.0546896
109.141333333,0.0593001
109.152000000,0.0695339
109.162666667,0.0681482
109.173333333,0.0566224
109.184000000,0.0493266
109.194666667,0.0483653
109.205333333,0.0436047
109.216000000,0.0478365
109.226666667,0.0576925
109.237333333,0.0510885
109.248000000,0.0397658
109.258666667,0.0369749
109.269333333,0.0403082
109.280000000,0.042379
109.290666667,0.0505398
109.301333333,0.068647
109.312000000,0.0706692
109.322666667,0.0684665
109.333333333,0.0584499
109.344000000,0.0400254
109.354666667,0.0462786
109.365333333,0.0519996
109.376000000,0.0555721
109.386666667,0.0587598
109.397333333,0.0574756
109.408000000,0.0523783
109.418666667,0.0419334
109.429333333,0.0349152
109.440000000,0.0435255
109.450666667,0.0524074
109.461333333,0.0501491
109.472000000,0.0388239
109.482666667,0.031659
109.493333333,0.0304154
109.504000000,0.029436
109.514666667,0.0329229
109.525333333,0.0312101
109.536000000,0.0345559
109.546666667,0.039984
109.557333333,0.0340901
109.568000000,0.0306516
109.578666667,0.0302954
109.589333333,0.0281628
109.600000000,0.0260241
109.610666667,0.0286446
109.621333333,0.0317951
109.632000000,0.0312144
109.642666667,0.0328621
109.653333333,0.0285296
109.664000000,0.0217215
109.674666667,0.0256491
109.685333333,0.0272193
109.696000000,0.0238494
109.706666667,0.0245184
109.717333333,0.0305262
109.728000000,0.0318854
109.738666667,0.0278408
109.749333333,0.0301225
109.760000000,0.0284589
109.770666667,0.024939
109.781333333,0.0310528
109.792000000,0.0335435
109.802666667,0.0336213
109.813333333,0.0316804
109.824000000,0.027761
109.834666667,0.027682
109.845333333,0.0313134
109.856000000,0.028607
109.866666667,0.0240494
109.877333333,0.0306405
109.888000000,0.0333426
109.898666667,0.0276381
109.909333333,0.023115
109.920000000,0.0265184
109.930666667,0.0274496
109.941333333,0.0262875
109.952000000,0.0242268
109.962666667,0.0238432
109.973333333,0.0256013
109.984000000,0.0230878
109.994666667,0.021372
110.005333333,0.0215702
110.016000000,0.0245211
110.026666667,0.0248924
110.037333333,0.0208677
110.048000000,0.0208894
110.058666667,0.0208333
110.069333333,0.021874
110.080000000,0.0233396
110.090666667,0.0217098
110.101333333,0.0241524
110.112000000,0.0250986
110.122666667,0.0225776
110.133333333,0.0246598
110.144000000,0.0268253
110.154666667,0.0253862
110.165333333,0.0239084
110.176000000,0.025219
110.186666667,0.0251107
110.197333333,0.0238922
110.208000000,0.0248542
110.218666667,0.0252431
110.229333333,0.0232772
110.240000000,0.024093
110.250666667,0.0231505
110.261333333,0.0237383
110.272000000,0.0267943
110.282666667,0.0266053
110.293333333,0.0272203
110.304000000,0.0279533
110.314666667,0.0277293
110.325333333,0.0249003
110.336000000,0.0237341
110.346666667,0.0233964
110.357333333,0.0240192
110.368000000,0.0269675
110.378666667,0.0323565
110.389333333,0.0356592
110.400000000,0.0316146
110.410666667,0.0279339
110.421333333,0.028751
110.432000000,0.0309514
110.442666667,0.0300906
110.453333333,0.0280191
110.464000000,0.0286948
110.474666667,0.0294501
110.485333333,0.0276464
110.496000000,0.030671
110.506666667,0.0282116
110.517333333,0.0281951
110.528000000,0.0293592
110.538666667,0.0245813
110.549333333,0.0245336
110.560000000,0.023405
110.570666667,0.0312462
110.581333333,0.0344132
110.592000000,0.0278294
110.602666667,0.0178367
110.613333333,0.00928398
110.624000000,0.00867668
110.634666667,0.0096906
110.645333333,0.00985298
110.656000000,0.00847037
110.666666667,0.00763628
110.677333333,0.0282001
110.688000000,0.0336599
110.698666667,0.0367195
110.709333333,0.0456449
110.720000000,0.0427275
110.730666667,0.0447774
110.741333333,0.0488994
110.752000000,0.0456258
110.762666667,0.0442482
110.773333333,0.0456044
110.784000000,0.0474386
110.794666667,0.0466497
110.805333333,0.0459465
110.816000000,0.0451163
110.826666667,0.0479462
110.837333333,0.0471484
110.848000000,0.0485944
110.858666667,0.0510421
110.869333333,0.0496442
110.880000000,0.0413804
110.890666667,0.0199763
110.901333333,0.00984173
110.912000000,0.0121735
110.922666667,0.0153866
110.933333333,0.0248571
110.944000000,0.0232921
110.954666667,0.0182222
110.965333333,0.0207755
110.976000000,0.0163757
110.986666667,0.0168764
110.997333333,0.016945
111.008000000,0.0150768
111.018666667,0.0140229
111.029333333,0.0155218
111.040000000,0.0178524
111.050666667,0.0141078
111.061333333,0.0122991
111.072000000,0.0231561
111.082666667,0.0374476
111.093333333,0.0458318
111.104000000,0.0508824
111.114666667,0.0548622
111.125333333,0.054226
111.136000000,0.0540805
111.146666667,0.0529014
111.157333333,0.0462118
111.168000000,0.0366059
111.178666667,0.032893
111.189333333,0.0440517
111.200000000,0.0425261
111.210666667,0.0315685
111.221333333,0.0385873
111.232000000,0.0461737
111.242666667,0.0456106
111.253333333,0.0430857
111.264000000,0.0538644
111.274666667,0.0488003
111.285333333,0.0375591
111.296000000,0.0574846
111.306666667,0.0666641
111.317333333,0.0678873
111.328000000,0.0757558
111.338666667,0.0883702
111.349333333,0.0892417
111.360000000,0.0707274
111.370666667,0.0484459
111.381333333,0.0692797
111.392000000,0.0921822
111.402666667,0.0988491
111.413333333,0.0977424
111.424000000,0.083311
111.434666667,0.0778225
111.445333333,0.0847617
111.456000000,0.0896403
111.466666667,0.0957811
111.477333333,0.0924885
111.488000000,0.0789389
111.498666667,0.0677921
111.509333333,0.0636449
111.520000000,0.0591136
111.530666667,0.0538327
111.541333333,0.0542267
111.552000000,0.0520243
111.562666667,0.0472572
111.573333333,0.047242
111.584000000,0.0494142
111.594666667,0.0442826
111.605333333,0.04656
111.616000000,0.0485586
111.626666667,0.0465131
111.637333333,0.0509831
111.648000000,0.051095
111.658666667,0.047865
111.669333333,0.0489538
111.680000000,0.051189
111.690666667,0.0534325
111.701333333,0.0505893
111.712000000,0.0422662
111.722666667,0.0355578
111.733333333,0.0423931
111.744000000,0.0471242
111.754666667,0.0438348
111.765333333,0.0466449
111.776000000,0.0440362
111.786666667,0.0404614
111.797333333,0.0427169
111.808000000,0.0420559
111.818666667,0.0408106
111.829333333,0.0382518
111.840000000,0.0345351
111.850666667,0.0370617
111.861333333,0.0433718
111.872000000,0.0439899
111.882666667,0.0390518
111.893333333,0.0352614
111.904000000,0.0345828
111.914666667,0.0368989
111.925333333,0.036617
111.936000000,0.0353118
111.946666667,0.036477
111.957333333,0.0332426
111.968000000,0.0291392
111.978666667,0.0279078
111.989333333,0.0282293
112.000000000,0.0316484
112.010666667,0.0349867
112.021333333,0.0327362
112.032000000,0.0271523
112.042666667,0.0286566
112.053333333,0.0307594
112.064000000,0.0293147
112.074666667,0.025838
112.085333333,0.0267161
112.096000000,0.0323226
112.106666667,0.030897
112.117333333,0.0283049
112.128000000,0.0311056
112.138666667,0.0305381
112.149333333,0.0306162
112.160000000,0.0276882
112.170666667,0.0268491
112.181333333,0.0293717
112.192000000,0.0298493
112.202666667,0.032461
112.213333333,0.0276894
112.224000000,0.0254084
112.234666667,0.0372157
112.245333333,0.0446201
112.256000000,0.0449785
112.266666667,0.038266
112.277333333,0.0342573
112.288000000,0.0357752
112.298666667,0.034058
112.309333333,0.0348121
112.320000000,0.0355469
112.330666667,0.0328141
112.341333333,0.0307174
112.352000000,0.0321885
112.362666667,0.0306492
112.373333333,0.0328769
112.384000000,0.0358246
112.394666667,0.0344406
112.405333333,0.0303764
112.416000000,0.0280193
112.426666667,0.0301075
112.437333333,0.0397348
112.448000000,0.0424186
112.458666667,0.0394069
112.469333333,0.0419171
112.480000000,0.037763
112.490666667,0.0327847
112.501333333,0.0387883
112.512000000,0.0413362
112.522666667,0.0401382
112.533333333,0.0422
112.544000000,0.0385479
112.554666667,0.038865
112.565333333,0.0486821
112.576000000,0.0486633
112.586666667,0.0436296
112.597333333,0.0487233
112.608000000,0.0481139
112.618666667,0.0420072
112.629333333,0.0435171
112.640000000,0.0453811
112.650666667,0.0448724
112.661333333,0.0418312
112.672000000,0.0490563
112.682666667,0.0605986
112.693333333,0.0593533
112.704000000,0.0584006
112.714666667,0.0627841
112.725333333,0.0984346
112.736000000,0.109386
112.746666667,0.0737899
112.757333333,0.053124
112.768000000,0.0739855
112.778666667,0.0799693
112.789333333,0.0655294
112.800000000,0.0719279
112.810666667,0.0667293
112.821333333,0.045027
112.832000000,0.047286
112.842666667,0.0434143
112.853333333,0.0422536
112.864000000,0.0410408
112.874666667,0.0430042
112.885333333,0.0444853
112.896000000,0.0448133
112.906666667,0.0474994
112.917333333,0.0611021
112.928000000,0.0718293
112.938666667,0.0576979
112.949333333,0.0629333
112.960000000,0.070002
112.970666667,0.0526657
112.981333333,0.0415593
112.992000000,0.0601874
113.002666667,0.0608027
113.013333333,0.0351019
113.024000000,0.0329389
113.034666667,0.0362785
113.045333333,0.0398352
113.056000000,0.0378768
113.066666667,0.0309854
113.077333333,0.0304339
113.088000000,0.0409095
113.098666667,0.0428671
113.109333333,0.0306218
113.120000000,0.0285617
113.130666667,0.0274379
113.141333333,0.022093
113.152000000,0.0274668
113.162666667,0.0320248
113.173333333,0.0288939
113.184000000,0.025903
113.194666667,0.0198737
113.205333333,0.0156398
113.216000000,0.0177145
113.226666667,0.0174316
113.237333333,0.0193444
113.248000000,0.0212584
113.258666667,0.0172593
113.269333333,0.0131171
113.280000000,0.0161244
113.290666667,0.0220493
113.301333333,0.0235231
113.312000000,0.0224162
113.322666667,0.0240722
113.333333333,0.0234048
113.344000000,0.0232929
113.354666667,0.0219922
113.365333333,0.0188121
113.376000000,0.0167685
113.386666667,0.015644
113.397333333,0.0193411
113.408000000,0.0199662
113.418666667,0.0219338
113.429333333,0.0253341
113.440000000,0.0255424
113.450666667,0.0245686
113.461333333,0.0234621
113.472000000,0.0209547
113.482666667,0.0191019
113.493333333,0.0193275
113.504000000,0.0207912
113.514666667,0.0224952
113.525333333,0.0221014
113.536000000,0.0193774
113.546666667,0.0179847
113.557333333,0.0194503
113.568000000,0.0215176
113.578666667,0.0224172
113.589333333,0.0245611
113.600000000,0.0248474
113.610666667,0.0267791
113.621333333,0.0304581
113.632000000,0.0275462
113.642666667,0.0252839
113.653333333,0.0239383
113.664000000,0.025147
113.674666667,0.0279872
113.685333333,0.0294668
113.696000000,0.0378524
113.706666667,0.0475231
113.717333333,0.0482112
113.728000000,0.0395958
113.738666667,0.0426273
113.749333333,0.0465326
113.760000000,0.0473807
113.770666667,0.060486
113.781333333,0.0679494
113.792000000,0.07859
113.802666667,0.0822186
113.813333333,0.0896976
113.824000000,0.100124
113.834666667,0.0814501
113.845333333,0.07719
113.856000000,0.0870797
113.866666667,0.0908701
113.877333333,0.0919892
113.888000000,0.0845535
113.898666667,0.0845946
113.909333333,0.0971717
113.920000000,0.0988588
113.930666667,0.0948371
113.941333333,0.0967763
113.952000000,0.100567
113.962666667,0.102684
113.973333333,0.105116
113.984000000,0.109446
113.994666667,0.0999884
114.005333333,0.0954169
114.016000000,0.0998086
114.026666667,0.102538
114.037333333,0.0925602
114.048000000,0.0777926
114.058666667,0.0813327
114.069333333,0.0819857
114.080000000,0.0854539
114.090666667,0.0881178
114.101333333,0.0800025
114.112000000,0.0775115
114.122666667,0.077697
114.133333333,0.0772425
114.144000000,0.0758437
114.154666667,0.0676653
114.165333333,0.0571269
114.176000000,0.062255
114.186666667,0.0588163
114.197333333,0.0493242
114.208000000,0.0475985
114.218666667,0.0394414
114.229333333,0.0360787
114.240000000,0.0393997
114.250666667,0.0555191
114.261333333,0.0614656
114.272000000,0.0535549
114.282666667,0.0520833
114.293333333,0.0477475
114.304000000,0.0424839
114.314666667,0.0478108
114.325333333,0.0449157
114.336000000,0.0376957
114.346666667,0.0337078
114.357333333,0.0309096
114.368000000,0.0381168
114.378666667,0.0420778
114.389333333,0.0343914
114.400000000,0.02719
114.410666667,0.0337295
114.421333333,0.0304354
114.432000000,0.0221201
114.442666667,0.0238351
114.453333333,0.023097
114.464000000,0.0229181
114.474666667,0.0244888
114.485333333,0.0233399
114.496000000,0.0265641
114.506666667,0.0279991
114.517333333,0.0279641
114.528000000,0.0290598
114.538666667,0.0259627
114.549333333,0.022051
114.560000000,0.0209401
114.570666667,0.0198965
114.581333333,0.0209473
114.592000000,0.027721
114.602666667,0.0292265
114.613333333,0.0258046
114.624000000,0.0226067
114.634666667,0.0229188
114.645333333,0.0236183
114.656000000,0.022377
114.666666667,0.0245762
114.677333333,0.0215617
114.688000000,0.0142464
114.698666667,0.0144155
114.709333333,0.0156181
114.720000000,0.0179989
114.730666667,0.0155795
114.741333333,0.0140118
114.752000000,0.0191046
114.762666667,0.0183338
114.773333333,0.0147536
114.784000000,0.0166848
114.794666667,0.0186989
114.805333333,0.0158527
114.816000000,0.0137758
114.826666667,0.0142962
114.837333333,0.0126187
114.848000000,0.0123719
114.858666667,0.0128038
114.869333333,0.0123986
114.880000000,0.0159856
114.890666667,0.0142268
114.901333333,0.016301
114.912000000,0.0174697
114.922666667,0.0138958
114.933333333,0.0158564
114.944000000,0.0159885
114.954666667,0.0153077
114.965333333,0.0172372
114.976000000,0.0185189
114.986666667,0.0163283
114.997333333,0.0135805
115.008000000,0.0131301
115.018666667,0.0135128
115.029333333,0.0150273
115.040000000,0.016381
115.050666667,0.0167479
115.061333333,0.0167611
115.072000000,0.0153761
115.082666667,0.0161345
115.093333333,0.0164514
115.104000000,0.0154531
115.114666667,0.020663
115.125333333,0.0199291
115.136000000,0.0164757
115.146666667,0.0174766
115.157333333,0.0163084
115.168000000,0.0154951
115.178666667,0.0158189
115.189333333,0.0148792
115.200000000,0.0148763
115.210666667,0.0157788
115.221333333,0.0133258
115.232000000,0.0133081
115.242666667,0.0126185
115.253333333,0.0119212
115.264000000,0.0125457
115.274666667,0.0132381
115.285333333,0.0164098
115.296000000,0.0175245
115.306666667,0.0174427
115.317333333,0.0173636
115.328000000,0.016072
115.338666667,0.0168883
115.349333333,0.017534
115.360000000,0.0169048
115.370666667,0.0143883
115.381333333,0.0129232
115.392000000,0.0140486
115.402666667,0.0160995
115.413333333,0.0180365
115.424000000,0.0176568
115.434666667,0.018324
115.445333333,0.0205446
115.456000000,0.0194627
115.466666667,0.0162812
115.477333333,0.0198107
115.488000000,0.0191477
115.498666667,0.0117724
115.509333333,0.0126368
115.520000000,0.0180908
115.530666667,0.0193851
115.541333333,0.0160562
115.552000000,0.0156672
115.562666667,0.016572
115.573333333,0.0161127
115.584000000,0.0234202
115.594666667,0.0242956
115.605333333,0.0188277
115.616000000,0.0179537
115.626666667,0.0170817
115.637333333,0.0181518
115.648000000,0.0200001
115.658666667,0.0212375
115.669333333,0.0212441
115.680000000,0.0194252
115.690666667,0.0189843
115.701333333,0.0179986
115.712000000,0.0189617
115.722666667,0.0194524
115.733333333,0.0229479
115.744000000,0.0236101
115.754666667,0.0200411
115.765333333,0.0262025
115.776000000,0.024317
115.786666667,0.0182425
115.797333333,0.0188107
115.808000000,0.0154888
115.818666667,0.01851
115.829333333,0.022783
115.840000000,0.0246012
115.850666667,0.02718
115.861333333,0.0233674
115.872000000,0.0177619
115.882666667,0.0182104
115.893333333,0.0215007
115.904000000,0.0219778
115.914666667,0.0215029
115.925333333,0.0258461
115.936000000,0.0236595
115.946666667,0.0212839
115.957333333,0.0257247
115.968000000,0.0236622
115.978666667,0.026245
115.989333333,0.0290767
116.000000000,0.0255246
116.010666667,0.0248616
116.021333333,0.0257522
116.032000000,0.0278902
116.042666667,0.0251967
116.053333333,0.0234695
116.064000000,0.0263312
116.074666667,0.0269221
116.085333333,0.0287767
116.096000000,0.0275745
116.106666667,0.0265754
116.117333333,0.0261459
116.128000000,0.0236252
116.138666667,0.0218084
116.149333333,0.0201723
116.160000000,0.0229645
116.170666667,0.0245795
116.181333333,0.0257721
116.192000000,0.0301448
116.202666667,0.0304488
116.213333333,0.0258857
116.224000000,0.0224814
116.234666667,0.0244751
116.245333333,0.026798
116.256000000,0.0267309
116.266666667,0.0265878
116.277333333,0.0237433
116.288000000,0.0210604
116.298666667,0.0222623
116.309333333,0.0242428
116.320000000,0.0283892
116.330666667,0.0272791
116.341333333,0.0243789
116.352000000,0.0276018
116.362666667,0.0239964
116.373333333,0.0241109
116.384000000,0.027539
116.394666667,0.0243933
116.405333333,0.0251836
116.416000000,0.0236372
116.426666667,0.02387
116.437333333,0.0254295
116.448000000,0.0219786
116.458666667,0.0225535
116.469333333,0.0212967
116.480000000,0.0183695
116.490666667,0.0192988
116.501333333,0.0203324
116.512000000,0.0185437
116.522666667,0.0156518
116.533333333,0.0198898
116.544000000,0.0226951
116.554666667,0.022044
116.565333333,0.0231434
116.576000000,0.0207605
116.586666667,0.014595
116.597333333,0.0135305
116.608000000,0.0144166
116.618666667,0.0121925
116.629333333,0.0126692
116.640000000,0.0155889
116.650666667,0.0187102
116.661333333,0.0233803
116.672000000,0.0229731
116.682666667,0.0186911
116.693333333,0.0213192
116.704000000,0.020498
116.714666667,0.0149891
116.725333333,0.015124
116.736000000,0.0174962
116.746666667,0.01627
116.757333333,0.0176783
116.768000000,0.024429
116.778666667,0.0215134
116.789333333,0.0169015
116.800000000,0.0235655
116.810666667,0.023132
116.821333333,0.0176333
116.832000000,0.0228744
116.842666667,0.0221462
116.853333333,0.0194743
116.864000000,0.0199322
116.874666667,0.0205632
116.885333333,0.0273667
116.896000000,0.0293826
116.906666667,0.0273877
116.917333333,0.0249185
116.928000000,0.0224716
116.938666667,0.0261004
116.949333333,0.0367832
116.960000000,0.0475754
116.970666667,0.0725791
116.981333333,0.0751065
116.992000000,0.0647257
117.002666667,0.063628
117.013333333,0.0595298
117.024000000,0.0542148
117.034666667,0.0450374
117.045333333,0.0407406
117.056000000,0.0324066
117.066666667,0.0306942
117.077333333,0.0286976
117.088000000,0.0412051
117.098666667,0.043722
117.109333333,0.0296449
117.120000000,0.0268151
117.130666667,0.031201
117.141333333,0.0365139
117.152000000,0.04335
117.162666667,0.0529343
117.173333333,0.0437936
117.184000000,0.027481
117.194666667,0.0255958
117.205333333,0.0228594
117.216000000,0.0269179
117.226666667,0.0268808
117.237333333,0.026549
117.248000000,0.0279123
117.258666667,0.0255255
117.269333333,0.0206428
117.280000000,0.0181493
117.290666667,0.0197153
117.301333333,0.0224626
117.312000000,0.0285373
117.322666667,0.0296425
117.333333333,0.0245321
117.344000000,0.0220873
117.354666667,0.0284268
117.365333333,0.03423
117.376000000,0.0366818
117.386666667,0.0420703
117.397333333,0.0443231
117.408000000,0.0334497
117.418666667,0.0187745
117.429333333,0.0216187
117.440000000,0.028127
117.450666667,0.0409179
117.461333333,0.0474498
117.472000000,0.0502535
117.482666667,0.0609802
117.493333333,0.0651559
117.504000000,0.0712938
117.514666667,0.0877854
117.525333333,0.0910376
117.536000000,0.0819579
117.546666667,0.0701815
117.557333333,0.0630706
117.568000000,0.0571382
117.578666667,0.0391791
117.589333333,0.033874
117.600000000,0.0426865
117.610666667,0.0447715
117.621333333,0.0377581
117.632000000,0.0460498
117.642666667,0.0482074
117.653333333,0.0460377
117.664000000,0.04229
117.674666667,0.0271994
117.685333333,0.030941
117.696000000,0.0328565
117.706666667,0.0307651
117.717333333,0.0325796
117.728000000,0.0469521
117.738666667,0.051407
117.749333333,0.0374022
117.760000000,0.0210581
117.770666667,0.0185394
117.781333333,0.0222663
117.792000000,0.0299772
117.802666667,0.031566
117.813333333,0.0295256
117.824000000,0.0305549
117.834666667,0.0276244
117.845333333,0.0256171
117.856000000,0.0251847
117.866666667,0.0279569
117.877333333,0.0312667
117.888000000,0.0382823
117.898666667,0.0424422
117.909333333,0.036006
117.920000000,0.027362
117.930666667,0.0219564
117.941333333,0.031317
117.952000000,0.0308773
117.962666667,0.016123
117.973333333,0.0126376
117.984000000,0.0152178
117.994666667,0.0138087
118.005333333,0.0123187
118.016000000,0.0136544
118.026666667,0.0222959
118.037333333,0.0275977
118.048000000,0.0281305
118.058666667,0.0267034
118.069333333,0.0195372
118.080000000,0.0144146
118.090666667,0.0178098
118.101333333,0.0224373
118.112000000,0.0231258
118.122666667,0.0242999
118.133333333,0.0240367
118.144000000,0.0205071
118.154666667,0.0216749
118.165333333,0.0195033
118.176000000,0.0122747
118.186666667,0.00869412
118.197333333,0.0119307
118.208000000,0.014738
118.218666667,0.016831
118.229333333,0.0152072
118.240000000,0.0171314
118.250666667,0.0199583
118.261333333,0.0153083
118.272000000,0.0118064
118.282666667,0.0199802
118.293333333,0.023841
118.304000000,0.0211139
118.314666667,0.0170151
118.325333333,0.0135933
118.336000000,0.0160401
118.346666667,0.0161396
118.357333333,0.0120959
118.368000000,0.00817526
118.378666667,0.00834401
118.389333333,0.00939913
118.400000000,0.0124934
118.410666667,0.0139551
118.421333333,0.0189131
118.432000000,0.024862
118.442666667,0.0221596
118.453333333,0.0153237
118.464000000,0.0156038
118.474666667,0.0178401
118.485333333,0.0173399
118.496000000,0.0194679
118.506666667,0.020577
118.517333333,0.0165192
118.528000000,0.0151926
118.538666667,0.0149579
118.549333333,0.0153951
118.560000000,0.0190099
118.570666667,0.024322
118.581333333,0.0253844
118.592000000,0.0228548
118.602666667,0.0185374
118.613333333,0.0133712
118.624000000,0.0135817
118.634666667,0.0131952
118.645333333,0.0112784
118.656000000,0.0153766
118.666666667,0.0209737
118.677333333,0.0240251
118.688000000,0.0242096
118.698666667,0.0244544
118.709333333,0.0253273
118.720000000,0.0232701
118.730666667,0.0224264
118.741333333,0.0207252
118.752000000,0.017426
118.762666667,0.0157681
118.773333333,0.0217645
118.784000000,0.0244152
118.794666667,0.0230597
118.805333333,0.0279099
118.816000000,0.0313178
118.826666667,0.0275392
118.837333333,0.0242368
118.848000000,0.0223723
118.858666667,0.0194125
118.869333333,0.0211395
118.880000000,0.0207411
118.890666667,0.0210244
118.901333333,0.0238538
118.912000000,0.0207128
118.922666667,0.0159318
118.933333333,0.0188644
118.944000000,0.0239493
118.954666667,0.0238743
118.965333333,0.0210494
118.976000000,0.0238911
118.986666667,0.0232345
118.997333333,0.0202827
119.008000000,0.0236245
119.018666667,0.0265952
119.029333333,0.0235783
119.040000000,0.0219031
119.050666667,0.0227025
119.061333333,0.021514
119.072000000,0.024216
119.082666667,0.0263599
119.093333333,0.0237429
119.104000000,0.0250392
119.114666667,0.0275167
119.125333333,0.0225474
119.136000000,0.0198201
119.146666667,0.0220766
119.157333333,0.0230998
119.168000000,0.0252839
119.178666667,0.0271839
119.189333333,0.0285953
119.200000000,0.0292996
119.210666667,0.0283531
119.221333333,0.0264964
119.232000000,0.0270691
119.242666667,0.0264342
119.253333333,0.0247934
119.264000000,0.0255155
119.274666667,0.0249982
119.285333333,0.0264435
119.296000000,0.0266245
119.306666667,0.0236502
119.317333333,0.0293282
119.328000000,0.0331177
119.338666667,0.029227
119.349333333,0.0308602
119.360000000,0.0310024
119.370666667,0.0249354
119.381333333,0.0208262
119.392000000,0.0236356
119.402666667,0.0278988
119.413333333,0.0258607
119.424000000,0.0241363
119.434666667,0.0244762
119.445333333,0.0247922
119.456000000,0.0236929
119.466666667,0.022545
119.477333333,0.0232658
119.488000000,0.0287465
119.498666667,0.0288223
119.509333333,0.0276874
119.520000000,0.0279187
119.530666667,0.0211258
119.541333333,0.0201474
119.552000000,0.0259932
119.562666667,0.0272667
119.573333333,0.0252408
119.584000000,0.0244062
119.594666667,0.0231906
119.605333333,0.0256519
119.616000000,0.0246207
119.626666667,0.0240295
119.637333333,0.0308731
119.648000000,0.0317254
119.658666667,0.028114
119.669333333,0.0292957
119.680000000,0.0315059
119.690666667,0.0290815
119.701333333,0.0318485
119.712000000,0.038393
119.722666667,0.0377834
119.733333333,0.0369588
119.744000000,0.0392241
119.754666667,0.0386333
119.765333333,0.0312849
119.776000000,0.0305523
119.786666667,0.0339151
119.797333333,0.0322319
119.808000000,0.0303258
119.818666667,0.0314996
119.829333333,0.0327674
119.840000000,0.0305759
119.850666667,0.0356984
119.861333333,0.0342683
119.872000000,0.0347606
119.882666667,0.0376583
119.893333333,0.031448
119.904000000,0.0287667
119.914666667,0.0290216
119.925333333,0.0302251
119.936000000,0.0299021
119.946666667,0.0298573
119.957333333,0.0308677
119.968000000,0.0341065
119.978666667,0.0349753
119.989333333,0.0336208
120.000000000,0.0405675
120.010666667,0.0405151
120.021333333,0.0337105
120.032000000,0.0314631
120.042666667,0.0287125
120.053333333,0.0282714
120.064000000,0.0294599
120.074666667,0.0295818
120.085333333,0.0312028
120.096000000,0.0402505
120.106666667,0.041701
120.117333333,0.0431535
120.128000000,0.0439575
120.138666667,0.0356702
120.149333333,0.0305291
120.160000000,0.0315492
120.170666667,0.0402933
120.181333333,0.0426152
120.192000000,0.0362859
120.202666667,0.0324991
120.213333333,0.0319355
120.224000000,0.0297291
120.234666667,0.0348678
120.245333333,0.0403753
120.256000000,0.0351682
120.266666667,0.0330822
120.277333333,0.0348048
120.288000000,0.0323872
120.298666667,0.0315514
120.309333333,0.0339694
120.320000000,0.0343524
120.330666667,0.0307442
120.341333333,0.0311033
120.352000000,0.0374072
120.362666667,0.0379429
120.373333333,0.0396552
120.384000000,0.0404796
120.394666667,0.0401315
120.405333333,0.0422894
120.416000000,0.0365111
120.426666667,0.0297271
120.437333333,0.028581
120.448000000,0.0285085
120.458666667,0.0285264
120.469333333,0.0315655
120.480000000,0.0354492
120.490666667,0.0387337
120.501333333,0.0382956
120.512000000,0.0331802
120.522666667,0.0291607
120.533333333,0.0290337
120.544000000,0.0347255
120.554666667,0.0444674
120.565333333,0.0424611
120.576000000,0.032816
120.586666667,0.0334599
120.597333333,0.0338607
120.608000000,0.036504
120.618666667,0.0416392
120.629333333,0.0361131
120.640000000,0.0351227
120.650666667,0.0409515
120.661333333,0.0388232
120.672000000,0.0324448
120.682666667,0.028438
120.693333333,0.0314924
120.704000000,0.0424622
120.714666667,0.0504406
120.725333333,0.0451139
120.736000000,0.0353832
120.746666667,0.0321087
120.757333333,0.0330146
120.768000000,0.0326847
120.778666667,0.0337551
120.789333333,0.0363249
120.800000000,0.0353773
120.810666667,0.0393552
120.821333333,0.0452073
120.832000000,0.0418752
120.842666667,0.0370136
120.853333333,0.0360864
120.864000000,0.0377523
120.874666667,0.0393189
120.885333333,0.0409853
120.896000000,0.0447527
120.906666667,0.040031
120.917333333,0.0373493
120.928000000,0.0433563
120.938666667,0.0519088
120.949333333,0.0495539
120.960000000,0.0421832
120.970666667,0.0459783
120.981333333,0.0522035
120.992000000,0.0523356
121.002666667,0.0578028
121.013333333,0.0631532
121.024000000,0.0524049
121.034666667,0.0465882
121.045333333,0.0551277
121.056000000,0.0524776
121.066666667,0.0445727
121.077333333,0.0564809
121.088000000,0.0540042
121.098666667,0.0347792
121.109333333,0.0293236
121.120000000,0.0296173
121.130666667,0.0380738
121.141333333,0.0383576
121.152000000,0.0275195
121.162666667,0.0223599
121.173333333,0.0237198
121.184000000,0.0289316
121.194666667,0.030285
121.205333333,0.0320863
121.216000000,0.031168
121.226666667,0.0297288
121.237333333,0.0275425
121.248000000,0.0177847
121.258666667,0.0186496
121.269333333,0.0280212
121.280000000,0.0337966
121.290666667,0.0314483
121.301333333,0.0262801
121.312000000,0.0228919
121.322666667,0.0170414
121.333333333,0.0170053
121.344000000,0.0189901
121.354666667,0.0238406
121.365333333,0.0271374
121.376000000,0.0199385
121.386666667,0.0249855
121.397333333,0.027547
121.408000000,0.0189206
121.418666667,0.0162126
121.429333333,0.0163239
121.440000000,0.020596
121.450666667,0.0197041
121.461333333,0.0178602
121.472000000,0.0209432
121.482666667,0.0207578
121.493333333,0.0221169
121.504000000,0.022468
121.514666667,0.0180222
121.525333333,0.0240544
121.536000000,0.0296091
121.546666667,0.0256642
121.557333333,0.0174511
121.568000000,0.011186
121.578666667,0.0161733
121.589333333,0.0157437
121.600000000,0.00958467
121.610666667,0.013542
121.621333333,0.0160417
121.632000000,0.0193869
121.642666667,0.0186333
121.653333333,0.0161462
121.664000000,0.013534
121.674666667,0.00986983
121.685333333,0.0112163
121.696000000,0.00976247
121.706666667,0.010576
121.717333333,0.00855741
121.728000000,0.00689464
121.738666667,0.00842281
121.749333333,0.00843803
121.760000000,0.00851552
121.770666667,0.00881174
121.781333333,0.00927204
121.792000000,0.00876487
121.802666667,0.00861809
121.813333333,0.00964364
121.824000000,0.00948998
121.834666667,0.0091475
121.845333333,0.0103492
121.856000000,0.0113553
121.866666667,0.00898532
121.877333333,0.00511971
121.888000000,0.0064011
121.898666667,0.00699027
121.909333333,0.00596408
121.920000000,0.00725141
121.930666667,0.0137442
121.941333333,0.0153775
121.952000000,0.0127608
121.962666667,0.0094959
121.973333333,0.0107605
121.984000000,0.015093
121.994666667,0.0116797
122.005333333,0.00823096
122.016000000,0.0141765
122.026666667,0.0151582
122.037333333,0.0104706
122.048000000,0.0055597
122.058666667,0.00501758
122.069333333,0.00595705
122.080000000,0.00909545
122.090666667,0.00986807
122.101333333,0.00961017
122.112000000,0.00839523
122.122666667,0.00976848
122.133333333,0.00989652
122.144000000,0.00550447
122.154666667,0.00560785
122.165333333,0.0059895
122.176000000,0.00543617
122.186666667,0.0031913
122.197333333,0.00390055
122.208000000,0.00375694
122.218666667,0.00423589
122.229333333,0.00452636
122.240000000,0.00488284
122.250666667,0.00658096
122.261333333,0.00603265
122.272000000,0.00558701
122.282666667,0.00634023
122.293333333,0.00553118
122.304000000,0.00559655
122.314666667,0.00559853
122.325333333,0.00403045
122.336000000,0.00272472
122.346666667,0.00293856
122.357333333,0.00354174
122.368000000,0.00374768
122.378666667,0.00365381
122.389333333,0.00236538
122.400000000,0.00299026
122.410666667,0.00314289
122.421333333,0.00442151
122.432000000,0.00564273
122.442666667,0.00472668
122.453333333,0.00349276
122.464000000,0.00280738
122.474666667,0.00242226
122.485333333,0.00334392
122.496000000,0.00379285
122.506666667,0.00317965
122.517333333,0.00416968
122.528000000,0.00382524
122.538666667,0.00362022
122.549333333,0.00525362
122.560000000,0.00436655
122.570666667,0.00176793
122.581333333,0.00220093
122.592000000,0.00342639
122.602666667,0.00394027
122.613333333,0.0041161
122.624000000,0.00359021
122.634666667,0.0025071
122.645333333,0.00217013
122.656000000,0.00247225
122.666666667,0.00404637
122.677333333,0.00404553
122.688000000,0.00260115
122.698666667,0.00200358
122.709333333,0.00235122
122.720000000,0.00226893
122.730666667,0.00314101
122.741333333,0.00330698
122.752000000,0.00271687
122.762666667,0.003025
122.773333333,0.00247617
122.784000000,0.00321064
122.794666667,0.00464079
122.805333333,0.00454605
122.816000000,0.004152
122.826666667,0.0039733
122.837333333,0.00479477
122.848000000,0.00582546
122.858666667,0.00548082
122.869333333,0.00593872
122.880000000,0.00569621
122.890666667,0.00494096
122.901333333,0.00518705
122.912000000,0.00555357
122.922666667,0.00635464
122.933333333,0.00613218
122.944000000,0.00857231
122.954666667,0.00968886
122.965333333,0.00750184
122.976000000,0.00920373
122.986666667,0.0103725
122.997333333,0.00979024
123.008000000,0.0105726
123.018666667,0.0123559
123.029333333,0.0151801
123.040000000,0.0123671
123.050666667,0.0134391
123.061333333,0.0183926
123.072000000,0.0144679
123.082666667,0.0159284
123.093333333,0.0212605
123.104000000,0.0197258
123.114666667,0.0168659
123.125333333,0.0195178
123.136000000,0.0261448
123.146666667,0.0217219
123.157333333,0.0219884
123.168000000,0.0316907
123.178666667,0.0259519
123.189333333,0.0241412
123.200000000,0.0331091
123.210666667,0.0333102
123.221333333,0.0277139
123.232000000,0.0328909
123.242666667,0.0447058
123.253333333,0.0361922
123.264000000,0.0339266
123.274666667,0.0509093
123.285333333,0.0435543
123.296000000,0.0373029
123.306666667,0.0492418
123.317333333,0.0518328
123.328000000,0.0444063
123.338666667,0.0434403
123.349333333,0.0596387
123.360000000,0.0511748
123.370666667,0.0442727
123.381333333,0.0552278
123.392000000,0.0397716
123.402666667,0.0284332
123.413333333,0.0382026
123.424000000,0.0440172
123.434666667,0.039292
123.445333333,0.0339877
123.456000000,0.043632
123.466666667,0.0403647
123.477333333,0.0315581
123.488000000,0.0614967
123.498666667,0.0996021
123.509333333,0.0925644
123.520000000,0.0514769
123.530666667,0.0541694
123.541333333,0.0648331
123.552000000,0.0566134
123.562666667,0.0542147
123.573333333,0.0745515
123.584000000,0.0881584
123.594666667,0.0748709
123.605333333,0.0520962
123.616000000,0.0750187
123.626666667,0.0838015
123.637333333,0.0700304
123.648000000,0.0649351
123.658666667,0.0684199
123.669333333,0.0615172
123.680000000,0.0530535
123.690666667,0.0664752
123.701333333,0.0532963
123.712000000,0.0227849
123.722666667,0.0399377
123.733333333,0.045052
123.744000000,0.0432987
123.754666667,0.0605499
123.765333333,0.0552222
123.776000000,0.0365909
123.786666667,0.0389666
123.797333333,0.035331
123.808000000,0.0357287
123.818666667,0.0459933
123.829333333,0.0423208
123.840000000,0.0270668
123.850666667,0.0278433
123.861333333,0.0345775
123.872000000,0.0507694
123.882666667,0.0572966
123.893333333,0.0488984
123.904000000,0.040198
123.914666667,0.0506546
123.925333333,0.0532544
123.936000000,0.0522643
123.946666667,0.0559309
123.957333333,0.0402384
123.968000000,0.0261965
123.978666667,0.029962
123.989333333,0.0404802
124.000000000,0.0695761
124.010666667,0.076921
124.021333333,0.0545568
124.032000000,0.0470382
124.042666667,0.0453244
124.053333333,0.0518705
124.064000000,0.0580201
124.074666667,0.0505963
124.085333333,0.039437
124.096000000,0.0376568
124.106666667,0.0612094
124.117333333,0.0714302
124.128000000,0.0706453
124.138666667,0.076331
124.149333333,0.0856366
124.160000000,0.0874572
124.170666667,0.0701245
124.181333333,0.0479184
124.192000000,0.0361623
124.202666667,0.0641954
124.213333333,0.0798078
124.224000000,0.0588904
124.234666667,0.0520063
124.245333333,0.0653619
124.256000000,0.0607021
124.266666667,0.0471271
124.277333333,0.0425172
124.288000000,0.0443696
124.298666667,0.0603071
124.309333333,0.0649871
124.320000000,0.0570368
124.330666667,0.05078
124.341333333,0.036249
124.352000000,0.0290183
124.362666667,0.0438022
124.373333333,0.0531203
124.384000000,0.0551527
124.394666667,0.0530205
124.405333333,0.0634481
124.416000000,0.0586314
124.426666667,0.0513455
124.437333333,0.058089
124.448000000,0.0508339
124.458666667,0.0504384
124.469333333,0.0459973
124.480000000,0.0397413
124.490666667,0.0483875
124.501333333,0.0726158
124.512000000,0.074774
124.522666667,0.0493725
124.533333333,0.0380813
124.544000000,0.0325266
124.554666667,0.0394582
124.565333333,0.0489878
124.576000000,0.0452903
124.586666667,0.0421068
124.597333333,0.0543094
124.608000000,0.0685179
124.618666667,0.0559231
124.629333333,0.0396181
124.640000000,0.0395258
124.650666667,0.0533528
124.661333333,0.0574898
124.672000000,0.0660871
124.682666667,0.0774148
124.693333333,0.0581037
124.704000000,0.0339545
124.714666667,0.0287906
124.725333333,0.0371217
124.736000000,0.0407841
124.746666667,0.0491462
124.757333333,0.0713702
124.768000000,0.0667014
124.778666667,0.0626728
124.789333333,0.0625632
124.800000000,0.041048
124.810666667,0.0494384
124.821333333,0.0596058
124.832000000,0.0514445
124.842666667,0.031572
124.853333333,0.0262771
124.864000000,0.0319841
124.874666667,0.0478217
124.885333333,0.0462622
124.896000000,0.0397901
124.906666667,0.0518976
124.917333333,0.0472771
124.928000000,0.055084
124.938666667,0.0525626
124.949333333,0.0418073
124.960000000,0.042217
124.970666667,0.0325806
124.981333333,0.0309057
124.992000000,0.0347276
125.002666667,0.0655667
125.013333333,0.0705297
125.024000000,0.0481452
125.034666667,0.0393101
125.045333333,0.0387984
125.056000000,0.0380825
125.066666667,0.0295919
125.077333333,0.0408611
125.088000000,0.0618268
125.098666667,0.0720341
125.109333333,0.0716715
125.120000000,0.0569922
125.130666667,0.0467083
125.141333333,0.0532473
125.152000000,0.0605552
125.162666667,0.0567173
125.173333333,0.0631403
125.184000000,0.0672857
125.194666667,0.0429949
125.205333333,0.0233845
125.216000000,0.035207
125.226666667,0.0464821
125.237333333,0.0443279
125.248000000,0.0395572
125.258666667,0.0531492
125.269333333,0.050875
125.280000000,0.0381517
125.290666667,0.0360261
125.301333333,0.0393174
125.312000000,0.0447082
125.322666667,0.0306332
125.333333333,0.0319777
125.344000000,0.0368119
125.354666667,0.0337265
125.365333333,0.0446416
125.376000000,0.0492907
125.386666667,0.0440534
125.397333333,0.0461473
125.408000000,0.0395779
125.418666667,0.0393218
125.429333333,0.0412297
125.440000000,0.0308503
125.450666667,0.0415051
125.461333333,0.0403608
125.472000000,0.0297473
125.482666667,0.0283371
125.493333333,0.0523892
125.504000000,0.0748812
125.514666667,0.0707275
125.525333333,0.0485899
125.536000000,0.0409801
125.546666667,0.0371285
125.557333333,0.0261211
125.568000000,0.0466933
125.578666667,0.0515096
125.589333333,0.0340021
125.600000000,0.0446008
125.610666667,0.0656612
125.621333333,0.0695802
125.632000000,0.0608846
125.642666667,0.0454722
125.653333333,0.0392257
125.664000000,0.0579663
125.674666667,0.0619909
125.685333333,0.0537358
125.696000000,0.0656112
125.706666667,0.0623438
125.717333333,0.0346708
125.728000000,0.0193522
125.738666667,0.0275672
125.749333333,0.0455556
125.760000000,0.0482743
125.770666667,0.0486584
125.781333333,0.0469639
125.792000000,0.0440422
125.802666667,0.0472147
125.813333333,0.0476364
125.824000000,0.044019
125.834666667,0.0378074
125.845333333,0.0386722
125.856000000,0.0345596
125.866666667,0.0336274
125.877333333,0.0310776
125.888000000,0.0267937
125.898666667,0.021157
125.909333333,0.0226445
125.920000000,0.0246673
125.930666667,0.0189782
125.941333333,0.0214776
125.952000000,0.0239962
125.962666667,0.0236117
125.973333333,0.020999
125.984000000,0.0250398
125.994666667,0.0567613
126.005333333,0.0685809
126.016000000,0.0526228
126.026666667,0.0441276
126.037333333,0.0451242
126.048000000,0.0446843
126.058666667,0.0383136
126.069333333,0.0473452
126.080000000,0.0498938
126.090666667,0.0356463
126.101333333,0.0340034
126.112000000,0.0430776
126.122666667,0.0677124
126.133333333,0.0655898
126.144000000,0.051049
126.154666667,0.0449899
126.165333333,0.0329326
126.176000000,0.046646
126.186666667,0.0543585
126.197333333,0.0524488
126.208000000,0.0466275
126.218666667,0.0384656
126.229333333,0.0330633
126.240000000,0.0363989
126.250666667,0.046522
126.261333333,0.0467464
126.272000000,0.037831
126.282666667,0.032522
126.293333333,0.0319774
126.304000000,0.0337416
126.314666667,0.0338721
126.325333333,0.0279703
126.336000000,0.0254445
126.346666667,0.0285985
126.357333333,0.0335138
126.368000000,0.0451751
126.378666667,0.0476571
126.389333333,0.0431508
126.400000000,0.0444226
126.410666667,0.0445953
126.421333333,0.0462943
126.432000000,0.0404892
126.442666667,0.0420983
126.453333333,0.0453693
126.464000000,0.0418119
126.474666667,0.0364129
126.485333333,0.0258451
126.496000000,0.0289672
126.506666667,0.0313817
126.517333333,0.0258715
126.528000000,0.021935
126.538666667,0.0236057
126.549333333,0.0233051
126.560000000,0.0266398
126.570666667,0.0320353
126.581333333,0.0269209
126.592000000,0.0166352
126.602666667,0.0186252
126.613333333,0.0249145
126.624000000,0.0232918
126.634666667,0.0204788
126.645333333,0.0212024
126.656000000,0.0229679
126.666666667,0.0242324
126.677333333,0.02453
126.688000000,0.028693
126.698666667,0.0345967
126.709333333,0.0291951
126.720000000,0.0195433
126.730666667,0.029564
126.741333333,0.0305768
126.752000000,0.0351928
126.762666667,0.0353767
126.773333333,0.0202955
126.784000000,0.0194561
126.794666667,0.0231195
126.805333333,0.0296861
126.816000000,0.0382535
126.826666667,0.0361406
126.837333333,0.036129
126.848000000,0.0367285
126.858666667,0.02714
126.869333333,0.0220449
126.880000000,0.0334826
126.890666667,0.0316208
126.901333333,0.0227405
126.912000000,0.0292565
126.922666667,0.0364782
126.933333333,0.0311229
126.944000000,0.0216034
126.954666667,0.0219088
126.965333333,0.0191784
126.976000000,0.0262214
126.986666667,0.0232827
126.997333333,0.018011
127.008000000,0.0182326
127.018666667,0.0193155
127.029333333,0.0281172
127.040000000,0.0244002
127.050666667,0.0198269
127.061333333,0.0236816
127.072000000,0.0208635
127.082666667,0.0286107
127.093333333,0.0286245
127.104000000,0.0203282
127.114666667,0.0198232
127.125333333,0.0160304
127.136000000,0.0207168
127.146666667,0.0268357
127.157333333,0.0352815
127.168000000,0.0349882
127.178666667,0.0239221
127.189333333,0.0285925
127.200000000,0.0350802
127.210666667,0.0312495
127.221333333,0.0233733
127.232000000,0.0169851
127.242666667,0.0190992
127.253333333,0.0205869
127.264000000,0.0232111
127.274666667,0.0313676
127.285333333,0.0284642
127.296000000,0.0220381
127.306666667,0.0226182
127.317333333,0.0215614
127.328000000,0.0194473
127.338666667,0.0183857
127.349333333,0.0169559
127.360000000,0.012296
127.370666667,0.0197059
127.381333333,0.0259001
127.392000000,0.0235777
127.402666667,0.0180083
127.413333333,0.0173132
127.424000000,0.0199428
127.434666667,0.0162367
127.445333333,0.0115162
127.456000000,0.0156966
127.466666667,0.0201942
127.477333333,0.0236133
127.488000000,0.022772
127.498666667,0.0241962
127.509333333,0.0225032
127.520000000,0.0177237
127.530666667,0.0162207
127.541333333,0.0129741
127.552000000,0.0118732
127.562666667,0.016749
127.573333333,0.0174348
127.584000000,0.0122494
127.594666667,0.0103236
127.605333333,0.00803581
127.616000000,0.0189922
127.626666667,0.0197135
127.637333333,0.0130975
127.648000000,0.0127055
127.658666667,0.0105082
127.669333333,0.0127104
127.680000000,0.0148262
127.690666667,0.0126276
127.701333333,0.01146
127.712000000,0.0126254
127.722666667,0.0130477
127.733333333,0.0123119
127.744000000,0.0109872
127.754666667,0.0134038
127.765333333,0.0124713
127.776000000,0.0102683
127.786666667,0.0098111
127.797333333,0.00863918
127.808000000,0.00879262
127.818666667,0.0119375
127.829333333,0.0130532
127.840000000,0.00998823
127.850666667,0.0102162
127.861333333,0.0120373
127.872000000,0.00953728
127.882666667,0.0056228
127.893333333,0.00626812
127.904000000,0.00555381
127.914666667,0.00459978
127.925333333,0.00928075
127.936000000,0.0111927
127.946666667,0.00844218
127.957333333,0.00859495
127.968000000,0.00916816
127.978666667,0.00796972
127.989333333,0.00761204
128.000000000,0.00601005
128.010666667,0.00629728
128.021333333,0.00782016
128.032000000,0.00853572
128.042666667,0.0080406
128.053333333,0.00663539
128.064000000,0.00523023
128.074666667,0.00496967
128.085333333,0.00541479
128.096000000,0.0074057
128.106666667,0.00795738
128.117333333,0.00630197
128.128000000,0.0062702
128.138666667,0.0084347
128.149333333,0.00906782
128.160000000,0.00710699
128.170666667,0.00791935
128.181333333,0.00707238
128.192000000,0.00486003
128.202666667,0.00559728
128.213333333,0.00555344
128.224000000,0.0066358
128.234666667,0.0065552
128.245333333,0.00685549
128.256000000,0.00686915
128.266666667,0.00484102
128.277333333,0.00524625
128.288000000,0.00584564
128.298666667,0.00509537
128.309333333,0.00532841
128.320000000,0.00527787
128.330666667,0.0041334
128.341333333,0.0052919
128.352000000,0.0067663
128.362666667,0.00561232
128.373333333,0.00557941
128.384000000,0.00617525
128.394666667,0.00488717
128.405333333,0.00371847
128.416000000,0.00395264
128.426666667,0.00438307
128.437333333,0.00391256
128.448000000,0.00341317
128.458666667,0.00284187
128.469333333,0.00293392
128.480000000,0.00319588
128.490666667,0.00304179
128.501333333,0.00300313
128.512000000,0.00340265
128.522666667,0.00317688
128.533333333,0.00325736
128.544000000,0.00332922
128.554666667,0.00278404
128.565333333,0.00211372
128.576000000,0.00206638
128.586666667,0.00345821
128.597333333,0.00380609
128.608000000,0.00343783
128.618666667,0.0032465
128.629333333,0.00242485
128.640000000,0.00284893
128.650666667,0.00289798
128.661333333,0.00218841
128.672000000,0.00257485
128.682666667,0.00306568
128.693333333,0.00276652
128.704000000,0.00241553
128.714666667,0.00301767
128.725333333,0.00274495
128.736000000,0.00227434
128.746666667,0.00222957
128.757333333,0.00184971
128.768000000,0.00212307
128.778666667,0.00200908
128.789333333,0.00180382
128.800000000,0.00187643
128.810666667,0.00149879
128.821333333,0.000752369
128.832000000,0.000826606
128.842666667,0.00101948
128.853333333,0.00135636
128.864000000,0.00132995
128.874666667,0.00110386
128.885333333,0.00104986
128.896000000,0.000733974
128.906666667,0.00111869
128.917333333,0.00136458
128.928000000,0.00103833
128.938666667,0.000941568
128.949333333,0.00113396
128.960000000,0.000918681
128.970666667,0.000903785
128.981333333,0.00101031
128.992000000,0.000891315
129.002666667,0.000716084
129.013333333,0.000784074
129.024000000,0.000820071
129.034666667,0.000789526
129.045333333,0.000706769
129.056000000,0.000402145
129.066666667,0.000482376
129.077333333,0.000468468
129.088000000,0.000342666
129.098666667,0.000252915
129.109333333,0.000262026
129.120000000,0.000308064
129.130666667,0.000293528
129.141333333,0.000279946
129.152000000,0.000359025
129.162666667,0.000329634
129.173333333,0.000351314
129.184000000,0.000351426
129.194666667,0.000264849
129.205333333,0.000262987
129.216000000,0.000205274
129.226666667,0.000229115
129.237333333,0.000195638
129.248000000,0.000166297
129.258666667,0.000174043
129.269333333,0.000115714
129.280000000,9.02747e-05
129.290666667,6.53476e-05
129.301333333,2.25781e-05
129.312000000,1.03815e-05
129.322666667,1.81574e-05
129.333333333,1.97125e-05
129.344000000,2.39085e-05
129.354666667,2.3496e-05
129.365333333,1.81135e-05
129.376000000,1.54071e-05
129.386666667,6.46813e-06
129.397333333,0
129.408000000,0
129.418666667,0
129.429333333,0
129.440000000,0
129.450666667,0
129.461333333,0
129.472000000,0
129.482666667,0
129.493333333,0
129.504000000,0
129.514666667,0
129.525333333,0
129.536000000,0
129.546666667,0
129.557333333,0
129.568000000,0
129.578666667,0
129.589333333,0
129.600000000,0
129.610666667,0
129.621333333,0
129.632000000,0
129.642666667,0
129.653333333,0
129.664000000,0
129.674666667,0
129.685333333,0
129.696000000,0
129.706666667,0
129.717333333,0
129.728000000,0
129.738666667,0
129.749333333,0
129.760000000,0
129.770666667,0
129.781333333,0
129.792000000,0
129.802666667,0
129.813333333,0
129.824000000,0
129.834666667,0
129.845333333,0
129.856000000,0
129.866666667,0
129.877333333,0
129.888000000,0
129.898666667,0
129.909333333,0
129.920000000,0
129.930666667,0
129.941333333,0
129.952000000,0
129.962666667,0
129.973333333,0
129.984000000,0
129.994666667,0
130.005333333,0
130.016000000,0
130.026666667,0
130.037333333,0
130.048000000,0
130.058666667,0
130.069333333,0
130.080000000,0
130.090666667,0
130.101333333,0
130.112000000,0
130.122666667,0
130.133333333,0
130.144000000,0
130.154666667,0
130.165333333,0
130.176000000,0
130.186666667,0
130.197333333,0
130.208000000,0
130.218666667,0
130.229333333,0
130.240000000,0
130.250666667,0
130.261333333,0
130.272000000,0
130.282666667,0
130.293333333,0
130.304000000,0
130.314666667,0
130.325333333,0
130.336000000,0
130.346666667,0
130.357333333,0
130.368000000,0
130.378666667,0
130.389333333,0
130.400000000,0
130.410666667,0
130.421333333,0
130.432000000,0
130.442666667,0
130.453333333,0
130.464000000,0
130.474666667,0
130.485333333,0
130.496000000,0
130.506666667,0
130.517333333,0
130.528000000,0
130.538666667,0
130.549333333,0